0.00486191094600907 0.00567005441985216 0.00527172594395646 0.00555951178342358 0.0055971250902744 0.00548384342973649 0.00573799474368344 0.00551870178927322 0.00548083891863163 0.00560495393819913 0.00572555669360118 0.00554136960878802 0.0054377831583046 0.00558498560779176 0.00577667992002879 0.00551670682969885 0.00527024333561836 0.00559161579588748 0.005599510244449 0.00591603355254558 0.00419395039980535 0.00554109957600098 0.00583023648743784 0.00558395598597717 0.00551096380536813 0.00562117739960099 0.0055318494016002 0.00560535706622538 0.00572004483614779 0.00552212147944835 0.00562523365952223 0.00587921986816625 0.00548533432372353 0.0055541383290678 0.005619161823162 0.00595272245830792 0.00558022201415413 0.00548183127481578 0.00570324687720585 0.00556064540184857 0.00554303283215972 0.00578623132585452 0.00547585383942529 0.00583725803868693 0.00566059745231971 0.00563910301804824 0.00550641210600362 0.00586160174812148 0.00564369761768025 0.00553707369792121 0.00590526220561027 0.00558906303350104 0.00553989678833449 0.00577315358087225 0.0053530959501336 0.00561135974764034 0.00572936366626367 0.0054784204470972 0.0056972655235251 0.00581095374965138
0.00568244610142644 0.00669650053751266 0.00619044814779787 0.00654822640978545 0.00660371774600636 0.00645212721866564 0.00679989634866231 0.00649556642592228 0.00644120646830236 0.00661906320744085 0.00672009078777302 0.00655423537403362 0.00643559058311469 0.00658416721777897 0.00686201238676174 0.00650365153477533 0.00617988450598305 0.00658591254672823 0.00659954527046761 0.00708272755790056 0.00487727392220722 0.00652806275985443 0.00689173577645505 0.00658533469712692 0.00648554500706208 0.00664112161874286 0.00651182943382776 0.00661648117716369 0.00673948306470766 0.00649839549689312 0.00662868455273598 0.00694341151342808 0.00644763824686901 0.00653745446187427 0.00663117739061061 0.0070526037892129 0.00658056551872623 0.00641974491178759 0.00673157585106386 0.00652497098596086 0.0065315179950844 0.00681137755357965 0.00643944323946527 0.00687669654253589 0.00670255520075781 0.00666562848424491 0.0064794747306687 0.00698149536808408 0.00666222635337924 0.00652213786301924 0.00696987058848691 0.00657360117111216 0.00652701262267412 0.00681091233743271 0.00627389540686234 0.00661334757344151 0.00676343602636397 0.00643753398041193 0.00673830595006424 0.00688452684294896
0.00661014823462365 0.00787027349469652 0.00721776030074071 0.00766879616273915 0.00774757873734969 0.00754541334397115 0.00802324221009693 0.00759610905051676 0.00752604688292454 0.0077856422635858 0.00783161022591533 0.00771956332164556 0.00758966555552702 0.00771443100665332 0.00812236596161387 0.00762621824556997 0.00720906904738516 0.00771228130256811 0.00773944326066969 0.0084672351774158 0.00565068471458867 0.00764712753614234 0.00810578114056015 0.00772883918603454 0.00758027870036069 0.00780858046446757 0.00761709418250645 0.00776809418311041 0.00789058645032731 0.00759714151425133 0.00776466093994933 0.00815038650208233 0.00753840474452398 0.00764947077110411 0.00778882415241514 0.00831418967333921 0.00772344151686851 0.00747656652283894 0.00790945524274491 0.00761104182687308 0.00765864320358334 0.00795915119027023 0.00752553086513485 0.0080449758177967 0.00790531809937027 0.00784394960517697 0.00758442069907729 0.00829096404689918 0.00782699766996177 0.0076364557235971 0.00815676079679676 0.00769027658805533 0.00765202518874088 0.00799310922139817 0.00727176439577185 0.00775595575537601 0.00793856879721674 0.00751872272526763 0.00793282404311836 0.00812213527279736
0.007620867642627 0.00914496602956395 0.00827985240378052 0.00886630914845556 0.00896874985397571 0.00870523857977865 0.00935989808215325 0.00875239130969299 0.00868663867750745 0.00907565298705455 0.00899164828684998 0.00899489348835118 0.00886767823257233 0.00890826129387197 0.00951903554156229 0.00883181345391745 0.00832673269688827 0.00891539435174207 0.0089772347836878 0.0100498117441646 0.00647792936032973 0.00884219371932829 0.00942161279288393 0.00897292848318725 0.00871965985264158 0.00907625082459648 0.00878188854024502 0.00900428317495127 0.00910644676179087 0.0087485466069537 0.00897267977917224 0.00942937270630401 0.00871716848171776 0.00883318295732892 0.00905075193557611 0.00967942229830246 0.00896888955479699 0.00862196014050486 0.00919987991184756 0.00877786925552665 0.00888407893759395 0.00914211292062477 0.00867359009348328 0.00926309574124578 0.00923164808691431 0.00913143870800552 0.00877830301123123 0.00975692691096632 0.00909459283824396 0.00881851831982137 0.00934694923799223 0.00889786835357884 0.00887348540162093 0.00927106106695392 0.00820816450071589 0.00899802507167694 0.00919285283154553 0.00866822338714401 0.009234248419757 0.0094815321058006
0.00862641842512689 0.01034017589935 0.0091527860370902 0.00994830111118572 0.0100568476564185 0.00973540756185896 0.0106138031800706 0.00974307814249909 0.00975316277396161 0.0103527774891932 0.00998066661877331 0.0102056588523211 0.0101220665393989 0.00994002676228639 0.0108717037425736 0.00993085500896952 0.00941672773061352 0.0100019111024247 0.0101500308944632 0.0116692870072147 0.00725677115709705 0.00991705093198973 0.0106426403299741 0.0101540793122275 0.00966502027915943 0.0102607026780711 0.00978923106041311 0.0101236105311802 0.0101624479473116 0.00972693351764221 0.0100455975592654 0.0105372719812117 0.00983373889557966 0.00989220608169607 0.0102507217509328 0.0109253919878818 0.0101572826857458 0.00973965910869926 0.0104458730090658 0.00988128159810602 0.0100503072676249 0.0100873862536811 0.00968260742410548 0.0102777213508548 0.0105154234216932 0.0103536000470119 0.00990141073615322 0.0112039067811021 0.0102932392324027 0.00986010964061929 0.0101954700308741 0.0100412628118426 0.0100308596412801 0.010460266787272 0.00873213406544652 0.0101775796356923 0.0103083236550301 0.00970410537844959 0.0104566798524842 0.0107813654293233
0.00940124924818648 0.0110355166656767 0.0093989747502698 0.0104902634455601 0.0105571322780153 0.0102146804171197 0.0113282238506044 0.0101130860077146 0.010342418531793 0.0112630473033524 0.0103464137702258 0.0109339499308838 0.0109782132930928 0.0103418134784802 0.0117346547148388 0.010498615889831 0.0101927067399267 0.0105466100128185 0.0108707582719817 0.0128715964063319 0.00775971088465668 0.0104411826300598 0.0113183670010084 0.0108819653578486 0.00994387651772987 0.0109360694984995 0.0101873666524745 0.0106813805787544 0.0105896335948353 0.0100724027586999 0.0105394253953999 0.0109703081244274 0.0105322452354542 0.0103983030994621 0.0109896028359844 0.0115572641325369 0.0109037744238626 0.0105388601353836 0.0112599342853156 0.0105867065692929 0.0107798615734999 0.0102759613455522 0.0101246933760071 0.0105887171383353 0.0113444057336857 0.0110926300873997 0.0105790609967697 0.0121809272564709 0.0110159302077915 0.0103179693765898 0.0101326296016206 0.0107528908490648 0.0107415636978797 0.0111363370549053 0.0083579955002596 0.010906757154644 0.0108166703002545 0.0102268950893293 0.0111650413307627 0.0115849357462392
0.00956482594638539 0.0107170225654223 0.00865244508529619 0.0100193480966872 0.00999822896737839 0.00969463078845559 0.010967907968106 0.00943670093825805 0.00998942995128609 0.0112793769411293 0.00965565426749106 0.0106549215285145 0.0109099235192524 0.00967315415458044 0.0115372784644683 0.0100527596155397 0.0102192345569265 0.0100769885584239 0.0106354293116669 0.0130004141306998 0.00766745643456906 0.00994382710396178 0.0109242023322782 0.0106483482409593 0.00916070332528534 0.0105902540889037 0.00954060884392616 0.0101930059597289 0.00993498046311161 0.00936589898188107 0.00999166157029878 0.0102635859724996 0.0103350062664191 0.00988630161465043 0.0107489046651782 0.0110496116877898 0.0106978762799152 0.0105680620788369 0.0111120359871468 0.0104400224366337 0.0105719986619306 0.00933302823603411 0.00955711621854825 0.00977968554203285 0.0111704669701368 0.0108197019312869 0.0103261202132205 0.0120864733841302 0.0107465368124155 0.00973995107118256 0.00892148166634842 0.0105434866014369 0.0105048671665279 0.0107876932516869 0.00706713854847011 0.0106760403692585 0.010239856473781 0.00978195673832232 0.0108334945285624 0.0113420842231222
0.00884982956202865 0.00936516896320626 0.00717820187553109 0.00860241042195613 0.00850707993701878 0.00827511926822 0.00955351724413661 0.00791767463700195 0.00868392706278066 0.010193279317255 0.00810608612800025 0.00932962049707418 0.00976806468205157 0.0081344397870749 0.0102177547605998 0.00864555992914332 0.00928533170264637 0.00865973959576482 0.00936779457224973 0.0118614119569756 0.00686895426184639 0.00850803889121136 0.00948559800737966 0.00937753720162063 0.00759446078014764 0.00922355910553694 0.0080322457569105 0.00874230618298208 0.00838082943489931 0.00783109685900272 0.00851979727229768 0.00863645070575977 0.00913954443366436 0.0084461587893934 0.00945698228071662 0.00950706750877769 0.00944701990462676 0.00959711648872643 0.00987649097536056 0.00931474346803224 0.00933467146953781 0.00764146629505737 0.00810954989993561 0.00813581690725947 0.00989795288464559 0.00948880980055786 0.00907334229258503 0.0108166064887349 0.00943285228677645 0.00826372260313708 0.00713678808672986 0.00931530480055334 0.00924311858635334 0.00940515290139833 0.0055734480115465 0.00940279440800839 0.00871517628857108 0.0084159855989063 0.00945499820290712 0.0100016406142113
0.0075064479520985 0.00759596447297676 0.00569027260990813 0.00689719772917775 0.00677010223640549 0.00661687656461182 0.00773596264362638 0.00627043069884864 0.00702371937595777 0.00846953549438449 0.00644311635309858 0.00756037477812882 0.0080594122862571 0.00644112245404436 0.00839730849586696 0.00692529129402453 0.00776639307476737 0.00695145237413509 0.00763822841589976 0.0100247165121167 0.00571939007478167 0.00679761395187227 0.00766015708823726 0.0076415607499528 0.0059844371343579 0.0074686435580008 0.00637220842303385 0.00699491811382984 0.00664592838178204 0.00619138481969828 0.00680195084786647 0.00682751605208021 0.00747523538274318 0.00674835696678045 0.00769872789228773 0.00762577805635297 0.00771205427122844 0.00801489587448757 0.00810140790228487 0.0076872038159323 0.00762274000596436 0.0059941373479102 0.00646831447618682 0.0064123128184899 0.00810905734371787 0.00771060699037265 0.00738256089056076 0.00898744317939318 0.00766934516068767 0.00657523552691731 0.0055518856786949 0.00761121166069165 0.00752421274101623 0.00761313392391012 0.0046104055607951 0.00765801490869745 0.00693856504952204 0.00676431178544226 0.00766126594791473 0.00817631377315696
0.006137875751024 0.00603366580283602 0.00472958482651047 0.00551535356838134 0.00536880345366837 0.00531424880239947 0.00612091045546523 0.00506602009790712 0.00563605630920511 0.00675638518711845 0.00528105053558355 0.00595646224201659 0.00639947608693445 0.00516087162901695 0.006716211596974 0.00549493353329006 0.00629083941256328 0.00556363447798588 0.0060883789440072 0.00814449596741564 0.00475664435618642 0.00541235244297515 0.00606988422353875 0.00607786385519048 0.00487912485704645 0.0059514243572043 0.0051401766198866 0.00554251752799019 0.00531406317066187 0.00501328255748747 0.00542840060132598 0.00540281590835341 0.00598431743127771 0.00539885237906542 0.00611462944693792 0.00598729088395845 0.00613470987340451 0.00649235837123098 0.00643758740453873 0.00618865573166463 0.00607865674916913 0.00492779263162846 0.00523322870856034 0.00516610114442736 0.0064447206665719 0.00612057054396271 0.00588813278527312 0.0072671501901638 0.00608772938518589 0.00525810601680219 0.00460495472920409 0.00607677507368085 0.00598792955571145 0.00603785286594011 0.0044541231597227 0.00608518093457212 0.00549086172622711 0.00544400391634482 0.00607251107510593 0.00649549081633758
0.0052245521859869 0.00500972300823403 0.00448843901928115 0.00476534832023911 0.00458234983946867 0.00465736773185418 0.00501105239639901 0.00455412315919313 0.00485799991967808 0.00544136344543368 0.00487320353230208 0.00483091093589522 0.00512901332816802 0.00455055945887001 0.00551236861505066 0.0046587115257809 0.00529171778514668 0.00480536523993755 0.0050781691809271 0.00653617279699044 0.00432352534139321 0.00464942164298122 0.00503275102687006 0.0050409947611727 0.00449361464603166 0.00500199860386781 0.00459552816564867 0.00467856173044744 0.00465428562319424 0.00453704214291016 0.00468674606336591 0.00462052374298231 0.00504125904236906 0.00469434291761351 0.00505570625780713 0.00486203807518036 0.0050759422303052 0.00549347241762162 0.00525178218879444 0.00521272554635828 0.00506797146288948 0.00462408707640079 0.00468324556774684 0.00463172551493525 0.00525175188637054 0.00505857230464395 0.00494591222132247 0.00602240099188719 0.00502992681374456 0.00458881789425699 0.00441166739164487 0.00508432505576798 0.00499181208557491 0.00500880308750557 0.00493130574573286 0.00504239394757479 0.00464985047100492 0.00476841325350611 0.00501077075242032 0.00528777102143434
0.00495661384262552 0.00463552257710443 0.00484715389885077 0.00469188596446832 0.00446099208802513 0.00466848119240388 0.00451955787293535 0.0047015622805535 0.00475676574025599 0.0046886625136991 0.00514188207786957 0.00430319234751012 0.00438910440168242 0.00460804204818137 0.00492167871656207 0.00448651909255715 0.00493561394781318 0.00472389447228868 0.00472710675483286 0.00528841100015162 0.00445811259978978 0.00455762535783191 0.00465233683087565 0.00465364742754917 0.00474855010898105 0.00471556710027813 0.00471614653028522 0.00447491001226063 0.0046753267190037 0.0047160983724078 0.00461735736374871 0.00451735113180944 0.00476385890745426 0.00466697921142939 0.00464474843131154 0.00434868693038692 0.00466450405270319 0.00518543241567165 0.00468774178862919 0.0048981343658799 0.00471451381053219 0.00496133610856771 0.00480391416663037 0.00477151067356772 0.00466744910016331 0.0046434958643485 0.00466580192533338 0.00541015791188062 0.00461649622984025 0.00458770670012154 0.00481518085043886 0.00475733694820128 0.00465443714691234 0.00463637584529686 0.00574441167400396 0.00465357744468364 0.00447522326450536 0.00476889883460207 0.00458907411603767 0.00468210261055782
0.00524998135515467 0.0048211373927094 0.00556280476509474 0.00511430898822199 0.00485900099424339 0.00516591246741795 0.00459435160301511 0.00528962141584061 0.00518266857448192 0.00452153511850012 0.00583799364541026 0.00434730383973379 0.00420452166916186 0.00513418870058155 0.00489413300987795 0.00484810777443576 0.00515205107915407 0.00514343692026091 0.00493890130374959 0.0044230786990491 0.00499055139872664 0.00497883287560233 0.0048314517432209 0.00483261098477089 0.00540656257334398 0.00495636965861997 0.00528679473128285 0.00480417332390938 0.00518354133149103 0.00532767826539717 0.00505429564690408 0.00493499756214652 0.0050540234375059 0.00514261801350527 0.0048040493168127 0.00441069728037114 0.00482577591800543 0.00547856084481313 0.00471615458921401 0.00516281782449507 0.00492650626314706 0.00568553331499784 0.00538086111985044 0.00536335349128262 0.00465499878270687 0.00478946918747403 0.00495001501397327 0.00537456001448346 0.00477322161931853 0.0050767870810638 0.00556432332231503 0.00501006299187364 0.00488761138363635 0.00484419164075058 0.00671341444646785 0.00484379393281274 0.00483478905280241 0.00526427090453163 0.00472898119630161 0.00464570433087456
0.00589115192959624 0.00533728668199421 0.00646228154974838 0.00579497690945379 0.00556840680378429 0.00593905502894938 0.00502545470866176 0.00611007565532309 0.00592571246471398 0.00482605798096539 0.0067579795824053 0.00481035013827024 0.00447572229637442 0.00590997401885966 0.00516138203330806 0.00553771162996986 0.00573933630355202 0.00583005045430984 0.00548685379653836 0.00395032553226976 0.00574328932736886 0.00569750604267459 0.00533327802143676 0.00535917923138899 0.00627335425497417 0.00545176362839929 0.0060929010558667 0.00544821125837805 0.00595867660536705 0.00617195588291795 0.0057781730984151 0.00565596790620389 0.00571094776171126 0.0059091980912467 0.00531710567020828 0.00488913594403749 0.00534554624182352 0.00616114463694717 0.0051620701177694 0.00580997541702365 0.00548011933728045 0.00661023232722477 0.00619688384455255 0.00619438609648115 0.00500122243022453 0.00525499039463189 0.00559901920217853 0.00557804975508971 0.00528669614083056 0.00584838670761099 0.0064903681805411 0.00564535216367744 0.00548181658791344 0.00543621386350494 0.00776471865584306 0.00541276721690795 0.00552150843131555 0.00604197960407421 0.00520150853944484 0.0049774518712453
0.00671691194942088 0.00599859782705873 0.00746330013989933 0.00660522627963087 0.00644642290074506 0.00686010969849144 0.00559643560542861 0.0070488700279238 0.00684367905702627 0.00543081614917625 0.00779673182711978 0.00552518201942608 0.00503957353079518 0.00680522877571224 0.00544163723438562 0.00640704164179734 0.00653302123552983 0.00665456091823748 0.00620028467512407 0.00384169410670963 0.00661533985181832 0.00657219139875812 0.00597725729467084 0.00605832216702544 0.00724845802016202 0.00602712672837989 0.00701596187766548 0.00624748208926382 0.00686963063088776 0.00714134001848576 0.0066501220701826 0.00653352013542097 0.00657553265404134 0.00683282272890086 0.00600543356374838 0.00561538353878174 0.00604438074005351 0.00706278516314436 0.00584326861779372 0.00667606238617556 0.00620094863417469 0.00764523587678242 0.00712918440448263 0.00714819037202412 0.00548604902751679 0.00584392556393765 0.0064537009420064 0.00565069193556186 0.00597466977652416 0.00677375948100747 0.00751525080368874 0.00649876217969561 0.00626398226700477 0.00623727836497771 0.00887517286107525 0.00619012204382219 0.00638659490479098 0.00697276283602342 0.00581103157017487 0.00546769889287983
0.00765994043139769 0.00676016597775509 0.00853466590855284 0.00752063469917326 0.00742556950470384 0.00787543671177171 0.00623361471602693 0.00806603266525674 0.00786755673783176 0.00621365220157194 0.00891294050488672 0.00638575368079717 0.00577273554829323 0.00777815873496602 0.00571176185324377 0.0073822729159572 0.00745928943668655 0.00758840847840404 0.00703228501307542 0.00400692288615691 0.0075634286097989 0.00754329704113674 0.00672967098559435 0.00687562591146581 0.00829419083560977 0.00669459098725443 0.0080190066183817 0.00714193788865316 0.00786868677713458 0.00819127823434923 0.00761928671562007 0.00750473994493764 0.00756347956801068 0.00785285059521735 0.00681239717592409 0.00648502824907315 0.00686156244098197 0.00809514058744275 0.00666827235776044 0.00767200304139615 0.00703694409962473 0.00875571906802217 0.00814004954546676 0.00818373290786534 0.00605647548317443 0.00652561303752486 0.00742981005021672 0.00557597566081688 0.00677595542250579 0.00779400964155641 0.00861002126166496 0.00747994142556085 0.00716002696088333 0.00715511925705974 0.0100424325757742 0.00709578933283856 0.00735823154641577 0.00799955784442135 0.00651378047541333 0.00606185882127697
0.00869872380325209 0.00763677332312811 0.0096687657244775 0.0085350125048925 0.00848168124746154 0.0089670537232807 0.00697234617217395 0.00915416700289368 0.00897018946956316 0.00711550645593194 0.0100970711157856 0.00734126998013068 0.00661667995701641 0.00882905509184699 0.00611219492753892 0.00843530370250451 0.00848867604554442 0.00862296421336566 0.00797837252748845 0.00435443809964625 0.00857273876616413 0.00859149855520236 0.00760423872519157 0.00780443950931458 0.00940422846701571 0.00750078450754371 0.00909803615595665 0.0081233135846803 0.00894450471083067 0.0093076757215375 0.00867228936902602 0.00855279244639976 0.00863845612979874 0.00894752886769699 0.00773228663080773 0.00744914413099435 0.00778948013405942 0.0092210950423505 0.0076054674097333 0.00875840946814622 0.00798459513183859 0.0099326134510426 0.00923003565030289 0.00929165708608321 0.00675513794869716 0.007332655400658 0.00849177962149924 0.00558928456083194 0.00768723434048565 0.00888775330176926 0.00976886320182746 0.00854914033494879 0.00815272233568122 0.00816206877128908 0.0112730036621929 0.0080999815901472 0.00840947124181917 0.00910060038293803 0.00733523524814096 0.00678953170759346
0.00982280149324226 0.0086249964322199 0.0108687477664735 0.00963710591267317 0.00960920153549766 0.010131065587008 0.00783501669914199 0.010313371261539 0.0101448740211537 0.0081090150029045 0.0113520562469349 0.00837206252890619 0.00754763274123023 0.00996130953266036 0.00670763594186288 0.00955965816477191 0.00960557169603016 0.00974751741109143 0.0090261573436825 0.00484316514717502 0.00964154930014825 0.00971057715696395 0.00859176322512059 0.00883266587561779 0.0105823704485644 0.00844008772594909 0.0102530465738502 0.00918843382466501 0.0100938636034573 0.0104899406300838 0.00980373325725041 0.00967419254694667 0.00978858243654507 0.0101122338879291 0.0087535917619187 0.00848817511454277 0.00881714744118295 0.0104279406659222 0.00863718928683872 0.00992163065235879 0.0090340943477314 0.011178718838068 0.0104027215524975 0.0104705511768948 0.00759158705794473 0.00826419684248509 0.00962826782092643 0.00583945172504485 0.00870015454171546 0.0100512647403795 0.0109969417589407 0.00969293852351694 0.00923473908699151 0.00925386619411658 0.0125777960202813 0.00918848799900243 0.00953267439030216 0.0102703236050366 0.00827616000601432 0.00765162532721405
0.0110291069342014 0.00971118221427405 0.0121432264304379 0.0108208015441519 0.0108110979556626 0.0113712702948482 0.0088110519742638 0.0115473246762081 0.0113951331577852 0.00918209656480432 0.0126855825686331 0.00947411509190123 0.00855517170922125 0.0111772799898644 0.00747504329151252 0.0107583657103505 0.0108045260168431 0.0109576379865053 0.0101642029741673 0.00545521749267375 0.0107747259351099 0.0109011201441887 0.00967571115860243 0.00994879098991013 0.0118354060824162 0.00948930123023624 0.0114864791031241 0.0103342489788345 0.0113180863437165 0.0117441802396834 0.0110137057305652 0.01086998811094 0.0110144429794906 0.0113508163476925 0.00986445434367893 0.00959709275798903 0.00993351543324163 0.0117156409820005 0.00975311793701739 0.0111612528054096 0.0101752695974556 0.0125029071335314 0.0116617536130829 0.0117235073180209 0.00854472108848319 0.00930135444442407 0.0108400154220533 0.00632885215134278 0.00980353997553383 0.01128957772138 0.0123046350038054 0.0109110790131732 0.010401864446312 0.0104304496535913 0.0139706749165287 0.0103563654677721 0.0107294602440668 0.0115118259961542 0.009320594167876 0.00862632339546117
0.0123219960588493 0.0108880964676613 0.0135043319918619 0.0120879547073918 0.0120957837241743 0.0126968121406393 0.00988612333816754 0.0128638179086436 0.0127302888515933 0.0103328475672568 0.0141087244423273 0.0106517928937978 0.00963705212527695 0.0124832036017331 0.00837535061462478 0.0120398855873761 0.0120886242134326 0.0122571676144417 0.0113897669726822 0.00617177792248105 0.0119809344847052 0.0121690165630015 0.0108477924356937 0.0111495354035269 0.0131730333089099 0.0106342127966679 0.0128053518358152 0.0115627179691851 0.0126234307939439 0.0130805670532661 0.0123082678974993 0.0121457871123026 0.0123235607768516 0.0126723339716373 0.0110611637692266 0.0107789239527911 0.0111353693955687 0.0130916761257226 0.0109517073468774 0.0124842157049461 0.0114059853355517 0.0139179404087182 0.0130150736001961 0.0130580190960767 0.00959554919588441 0.0104314691244205 0.0121346229298635 0.0070052328839063 0.0109933164355286 0.0126129154480634 0.0137056221465711 0.0122104215806489 0.0116562874350291 0.011695784664113 0.0154683014014271 0.0116065836152257 0.0120073046205868 0.0128333381706159 0.0104578856722368 0.00969665391060678
0.0137117799107969 0.0121574562159388 0.0149672461282061 0.0134466174889775 0.013475942230471 0.0141209958631898 0.0110546247473721 0.0142744155929784 0.0141637731362771 0.0115664758690226 0.0156358598632003 0.0119147263771073 0.0107974599004041 0.0138904733220679 0.00938321010706431 0.0134169255895596 0.0134671559982867 0.0136564878709936 0.01270811713514 0.00697674571657967 0.0132715654968714 0.013524172927951 0.0121089980674847 0.0124393737684356 0.0146082112214176 0.0118722736479173 0.0142211354327959 0.0128814371699211 0.0140203442337004 0.0145123898337477 0.0136985266486177 0.0135114397395323 0.0137280758973101 0.0140897247984452 0.0123479983457273 0.0120417672350112 0.0124272415297658 0.0145686891668142 0.0122386965654025 0.0139022632966045 0.0127320918851978 0.015439940670096 0.0144759118174545 0.014485273163892 0.0107362526567172 0.0116522335321035 0.0135244044231215 0.00782150813424678 0.0122733093664223 0.0140354386450262 0.0152169644554837 0.0136024241550439 0.0130065923773889 0.0130591698688012 0.0170906958888614 0.0129480851502666 0.0133780308571619 0.0142466187708616 0.0116871233655168 0.010856820780016
0.0152136998469987 0.0135280832279224 0.0165505308343191 0.0149095030707718 0.0149682637914141 0.0156610447953171 0.0123197934103966 0.0157941526421049 0.015712830418331 0.0128933837208606 0.0172848638830991 0.0132766936444528 0.0120456060445283 0.0154154958302634 0.0104884660048994 0.0149062780872172 0.0149542505862968 0.015171279064159 0.0141305928892057 0.00786163787638236 0.0146605548342779 0.0149798046497607 0.0134672037775281 0.0138286099528886 0.0161573607975257 0.0132095089616482 0.0157493635393428 0.0143027975747978 0.0155228547358237 0.0160559924322788 0.0152000131092866 0.014980527267862 0.015244085078796 0.0156195539983118 0.0137353184912031 0.013397538033394 0.0138196093385461 0.0161637592941465 0.0136253995427678 0.0154311362052247 0.0141657218764375 0.0170887477055656 0.016062786163732 0.0160197090555215 0.0119683946537198 0.0129693592179588 0.0150258282251434 0.0087496861871185 0.0136535324212905 0.0155751862052826 0.0168599207182249 0.0151023720811213 0.0144668226422914 0.0145351971743067 0.0188623844857394 0.0143945578624167 0.0148573405403118 0.0157664891592762 0.013015270143069 0.0121100101401034
0.0168479237016374 0.0150145539406707 0.0182770570315976 0.016493519883081 0.0165939637333219 0.0173386660830304 0.0136918033962554 0.017441776443644 0.0173990840454024 0.0143284667847361 0.0190777368607367 0.0147556256300814 0.0133950630707428 0.0170800087622853 0.0116919168161174 0.0165294084164412 0.0165686711527053 0.0168224617983313 0.0156737220255089 0.00882563244843057 0.0161647559157888 0.0165524118960958 0.0149355906759517 0.0153324018835064 0.0178409265149065 0.0146582535681834 0.0174098707063605 0.0158436440274823 0.0171486013618463 0.0177313102636219 0.0168329255773722 0.0165703587971244 0.016891967714435 0.0172825340421412 0.0152385792649157 0.0148617626733974 0.0153279626317165 0.017898763661803 0.0151280554104608 0.0170907824076519 0.0157245315856073 0.0188889446314246 0.0178001224742429 0.0176791617165645 0.013300278648704 0.0143945222994255 0.0166599708522249 0.00977793944913957 0.0151491767044092 0.0172548273060641 0.0186613410007047 0.0167296019437365 0.0160562922851699 0.0161438691454976 0.0208142163093938 0.0159642612577479 0.0164651675427241 0.0174110800906227 0.0144554584494321 0.013465978427021
0.0186405380805944 0.0166370986597304 0.0201755934915851 0.0182202195575812 0.0183800815659402 0.0191813907754723 0.0151868299170123 0.0192405994331 0.019249856957897 0.0158914377015766 0.0210418044954396 0.016374426267253 0.0148639787313398 0.0189123294875956 0.0130021886722404 0.0183138467888784 0.0183345870242832 0.01863722334415 0.0173595096746779 0.00987422315567978 0.0178047715525785 0.0182623445401026 0.0165323148361135 0.0169708860340036 0.0196845329383579 0.0162364409823266 0.0192277918211567 0.0175257732220538 0.0189195014535539 0.0195629498474849 0.0186232835654437 0.018302595818082 0.0186974929974223 0.0191047573404438 0.0168784884525559 0.0164541289147127 0.0169729802257481 0.019801658790682 0.0167682835002371 0.0189063402909928 0.0174321364580527 0.0208716198638572 0.0197199397033528 0.0194855704922088 0.0147455998076777 0.0159446313152707 0.0184538462264298 0.0109057996508063 0.0167807187325051 0.0191031961827379 0.0206559255976012 0.0185084818989959 0.0178004293007597 0.0179115590695127 0.022986175989724 0.0176808037794722 0.0182267834278175 0.0192026302073055 0.0160265964386289 0.0149400106828921
0.0206256305872915 0.0184227122485629 0.0222833335108453 0.0201170766045448 0.0203617512430714 0.0212248755639595 0.016827415608585 0.0212200475177445 0.0213004166368633 0.017608108658919 0.0232116692703647 0.0181626197752941 0.0164761804027338 0.0209497978899672 0.0144344644315141 0.0202956283482232 0.020283331783672 0.0206511913893676 0.0192168255940384 0.0110184255004025 0.0196063212473541 0.0201349505876331 0.0182812553072358 0.018770303483392 0.0217209470358739 0.0179681964819834 0.0212354535340682 0.0193773221111961 0.0208630826978336 0.0215819343548387 0.0206051646672934 0.0202045546652798 0.0206938050249008 0.0211198069460489 0.0186822360923103 0.0181997673036812 0.0187817540780822 0.021908835299996 0.0185746432407819 0.0209099490750503 0.0193197269960088 0.0230771792767446 0.0218649703565667 0.0214662939748568 0.0163233591218044 0.0176422628479864 0.0204427953587815 0.0121411323121885 0.0185751048846226 0.0211578521897771 0.0228898841560092 0.0204702166974246 0.0197327750412089 0.0198731023917037 0.0254318428905251 0.01957490797329 0.0201747837216284 0.0211688742823944 0.0177542593754803 0.0165531661132937
0.0228488901504511 0.0204076295304805 0.0246499337934189 0.022219767085937 0.0225859293592977 0.0235166563618448 0.0186441808662505 0.0234181686541473 0.0235976144738394 0.0195128568739259 0.0256322707286398 0.0201591094713053 0.0182633691109628 0.0232429692174819 0.0160107840681858 0.0225233455332625 0.0224564705572074 0.0229121807417587 0.0212840985972356 0.0122750022099045 0.0216023831738114 0.0222024642294056 0.0202138675314821 0.0207652688794443 0.0239932522439888 0.0198856878797815 0.0234755304857812 0.0214352764852711 0.0230146822444792 0.0238284331730363 0.0228245439650704 0.0223113845172262 0.0229246703805191 0.023372190651379 0.020685972208175 0.0201314846269758 0.0207902383577373 0.0242690669600014 0.0205856178121701 0.0231437100298574 0.0214291387813203 0.025559858852859 0.0242940037879281 0.0236562316099089 0.0180588785320216 0.0195171974393042 0.0226744893846952 0.0134990624404929 0.0205681830083034 0.0234692422012081 0.0254269848899956 0.0226558212536666 0.0218985564666402 0.0220754877795774 0.0282257299449827 0.0216875079406778 0.0223523566882141 0.0233452395782469 0.0196729689356352 0.0183337313107991
0.0253736883313346 0.0226417753887382 0.0273441606702947 0.024575936205927 0.0251175650017459 0.0261223379665002 0.0206792545952286 0.0258856547430222 0.0262058582685462 0.0216529123073921 0.0283637318902343 0.0224166875634855 0.0202689602979273 0.0258627305399105 0.0177618507987338 0.0250649468125294 0.0249109505565043 0.0254864886376718 0.0236139733779359 0.0136678896974192 0.0238365830871508 0.0245070047135053 0.0223725307446296 0.023002704522241 0.0265600264950757 0.0220326005585277 0.0260062570394273 0.023749682564916 0.0254209738996108 0.0263560878389044 0.0253458546490053 0.0246695707866855 0.0254497867781236 0.0259229908448157 0.0229391326831774 0.0222934910188878 0.023047512903947 0.0269501496908931 0.0228548674303746 0.0256644856877616 0.0238181465124294 0.0283951832390007 0.0270910880052011 0.0261011891146327 0.0199860366138745 0.0216093146994973 0.0252156915318756 0.0150026018145335 0.0228089662840319 0.0261076030133023 0.0283589161345899 0.0251209923165954 0.0243607968856499 0.0245841362964707 0.0314758963579874 0.0240749880794757 0.0248186632180029 0.0257783048050429 0.021830416365143 0.0203201537312215
0.028291574071501 0.0251965592208813 0.0304652469287883 0.0272514502524568 0.0280501344259315 0.0291361320439132 0.022992422079169 0.0286924294794157 0.029217229201064 0.0240958051107448 0.0314892484655252 0.0250095406342927 0.0225547501755299 0.0289127028936019 0.0197307594350421 0.0280195181987858 0.0277278927085658 0.0284697006354508 0.0262813212952218 0.0152312505482556 0.0263687091209196 0.0271053986994506 0.0248163140899735 0.0255485669095331 0.0295040425998567 0.024470191878262 0.0289102404851872 0.0263907481446875 0.0281457113885611 0.029239070897675 0.0282635295343311 0.027342633328001 0.028353694612321 0.0288594535231454 0.0255119037406919 0.024747702230348 0.0256231259781658 0.0300504057670081 0.0254605337322894 0.0285518538386986 0.0265696007271216 0.0316927809051362 0.0303819192671451 0.0288633162091021 0.0221512471736735 0.0239735646467498 0.0281640576485952 0.0166850794989306 0.0253669994383965 0.0291748216353564 0.0318238304546752 0.0279442926633411 0.0272109402756602 0.0274937637023831 0.0353466747615535 0.0268181936280502 0.0276579393639861 0.0285313691167143 0.0242949333561366 0.0225662549191377
0.0317410120279535 0.0281787871247592 0.0341630810761295 0.0303410417234206 0.031524364780339 0.0326995157069131 0.0256720709270998 0.0319387892427487 0.032769288493708 0.0269425991606979 0.0351283853220941 0.0280461499013199 0.025212752886183 0.0325517012796403 0.0219797599084193 0.0315385186658948 0.0310280927271855 0.0320059247008958 0.0293973715690505 0.0170151224123711 0.0292839959051058 0.0300771504148542 0.0276310097942602 0.0284995874907356 0.032947430376818 0.027287876245238 0.0323098775893056 0.0294611468045737 0.0312793554764388 0.0325840124383128 0.031723066345673 0.0304206523510141 0.0317612850982634 0.0323118737164064 0.0285083754283647 0.0275847078980748 0.0286200218724231 0.0337193892822395 0.0285221500723061 0.0319217312567453 0.0298076509682876 0.0356193419734545 0.0343642732654072 0.0320301587648567 0.0246203122486748 0.0266884757761091 0.0316695498082653 0.0185950713060152 0.0283453608036671 0.0328256711571709 0.0360411028847389 0.0312413879440163 0.0305879673246429 0.0309478338100387 0.0401016329880039 0.0300384241543349 0.030995480191516 0.0316936993997433 0.0271688645499822 0.0251503922893903
0.0359417900998286 0.0317560277470983 0.038675237220341 0.0339869365182728 0.0357628725651585 0.0370355189848909 0.0288549061506848 0.0357748521828853 0.0370775533307851 0.0303516929506575 0.0394603151785813 0.031692246878599 0.0283866626087163 0.0370358435320464 0.0246022397401918 0.0358653594057258 0.0350001899527996 0.0363233037547775 0.0331352940635451 0.0190954691228511 0.0327092601270505 0.0335380132069126 0.0309468761895388 0.0320042125314603 0.0370789882442535 0.0306220466839572 0.0363951220215783 0.0331179605018687 0.0349557020843751 0.0365508494492924 0.03596034758597 0.034036680629405 0.0358657644199808 0.0364842622023196 0.0320901445767699 0.0309433135534314 0.0321977905147254 0.0381962804477655 0.032231569086338 0.035950491475961 0.0337274512102407 0.0404412541316274 0.0393663217480805 0.0357301866770783 0.0274902804118674 0.0298709562527841 0.0359744730759129 0.0208053651976027 0.0319041444679847 0.0373072937225229 0.0413788126922989 0.0351906355087407 0.0347139243827154 0.0351746315805689 0.0461876989413484 0.0339265401826824 0.0350267423365894 0.0353963660278461 0.0306128458164577 0.0281917096573483
0.0412570406487026 0.0362016496772292 0.0443941288594866 0.0384116110641861 0.0411356248237357 0.0425125887433474 0.0327603962302576 0.0404350398318834 0.0424953591897364 0.0345786961038677 0.0447656261521286 0.0362125697595772 0.0323095851608201 0.0427971858238894 0.0277431840689365 0.0414086527529208 0.0399516854115854 0.0418004393629425 0.0377760218266679 0.0215906798767284 0.0368413364623111 0.0376635351825716 0.0349691970729839 0.0362992668006554 0.0422036738706137 0.0346890396602236 0.0414731965448762 0.0376119516362479 0.0393810146041124 0.0413900321158209 0.041370670821268 0.0383955392933796 0.0409799393208778 0.0417097389522611 0.0365171281633109 0.0350446063992174 0.0366134523600289 0.043879572014179 0.0369028744744523 0.0409183663689698 0.0386496470092276 0.046603900279883 0.0459546842647341 0.0401598194629879 0.0309097132184225 0.0337020254413412 0.0414864449511207 0.0234282699415632 0.0363020942863323 0.0430332744055302 0.0484809144843375 0.040079412987812 0.0399596533508879 0.0405545155126628 0.0543939490828737 0.0387945998088908 0.0400711293679334 0.0398398424173884 0.0348878001654406 0.0318781464665806
0.0482772510806028 0.0419525461598891 0.0519627006152836 0.0439699041536676 0.0482747239872451 0.0497517854643042 0.0377348752261123 0.0462958325388945 0.049612596545956 0.0400080989737815 0.0515010151221548 0.0420437976666623 0.037350681086691 0.0505610544338738 0.0316264121357091 0.0488494672509136 0.0463862092027923 0.049077663416712 0.0437746230536003 0.0246766230841783 0.0419941468036989 0.0427286627392425 0.04001810135192 0.0417604161774248 0.0488217620413008 0.0398322168413544 0.0480425682806945 0.0433497712114648 0.0448823162742913 0.047506454915854 0.048564567584491 0.0438225413364704 0.0476237683393731 0.0485331590067646 0.0421957397380656 0.0402372099923809 0.0422747354681702 0.0514177815120715 0.0429734162752314 0.0472830477515443 0.0451059509522575 0.0548547313381153 0.0550544276048486 0.0456280636564408 0.0351087613956607 0.0384671213495693 0.0488695997562628 0.0266358088894138 0.0419536997468769 0.0507044748833951 0.0584107818612947 0.0463788675109582 0.0469429448579262 0.0477271841630048 0.066013294375458 0.0451421706467657 0.0466628729035415 0.0453403037179642 0.0403991256378149 0.0365030847995628
0.0576351462795617 0.0494481319466603 0.0621273585950619 0.0511762187812098 0.0581474866292756 0.0596599240796386 0.0441472343161916 0.0539328732752709 0.0592807674501119 0.0468145232719308 0.0604106570290723 0.049877490603842 0.0438681454607995 0.061169978348107 0.0365218986418281 0.0589725236069486 0.0549564063061647 0.0590800676665534 0.0516919070577293 0.0284881111182524 0.0486423828590934 0.0491577886208685 0.0464568466107661 0.0488358388755015 0.0576383471315023 0.0464853950136536 0.0567464614136965 0.0509066395933904 0.0519564206476079 0.0555351938879527 0.0576597590967978 0.0508226881177792 0.0565914494994335 0.0576479611908512 0.0495117271333005 0.0469165237543823 0.0496251671371985 0.0614259107481191 0.050072148438036 0.0557495552204714 0.0538109719867119 0.0661468274504611 0.0671103614099246 0.0526032182226731 0.0404035534486943 0.0445771758056025 0.0586822425272426 0.0306366848840238 0.0493353322252316 0.061282076576207 0.0715999611397044 0.0547626235360596 0.0564034511802343 0.0575439108702079 0.0812467299286156 0.0534767553535375 0.0555979738038008 0.0523849392936543 0.0474468318313265 0.0424025220852904
0.0667406824240385 0.0565342073019287 0.0726166200242366 0.0601825669788396 0.0706536008069848 0.0718239483205402 0.0506377563215248 0.0638039856826731 0.0711320361392604 0.0513866721316771 0.0724712013061327 0.0603101577935957 0.0499653631168683 0.0715856630211924 0.0420291775900994 0.0690159762537966 0.0646458887493249 0.0711992427148158 0.0603814914537876 0.0319668722485701 0.0571406755868507 0.057442532498926 0.0533582240750126 0.0565788666026845 0.0683110111286843 0.0540680030789492 0.0666771588033551 0.0601392623846391 0.0610361031667574 0.0661083118264623 0.0611883831465206 0.0599437990428327 0.0681483349684524 0.0678524404578955 0.0564462622182592 0.0539825913678379 0.0571364448407666 0.070056907457634 0.0499022438073457 0.0668028047448818 0.0638535407648475 0.0783755312789244 0.0727057051316971 0.0615182002389717 0.0468168453201084 0.0521881485852241 0.0662609852493271 0.0351720532932621 0.0570886222535495 0.0734326475090521 0.0764007895971025 0.0650363213119309 0.0661057721015179 0.0685576251640497 0.0841369152779091 0.0614409965674949 0.0668080679710087 0.0615000026337263 0.0531141544904923 0.0487694728741543
0.0584292626516368 0.0491810432260484 0.0656471236927755 0.0662132991199881 0.0734887982391363 0.0733250270148177 0.0464337319795555 0.0726734886463527 0.07322516792702 0.0404442712982939 0.0866405384559851 0.0695335444076534 0.0434974525071728 0.0614480356730332 0.0426481975410056 0.0600399807391555 0.0626242702085777 0.0714425792751625 0.0575876743564429 0.0286243548244307 0.0646484770580203 0.0667080459240085 0.0514644814844001 0.054766793097929 0.070490011298301 0.0542253209930996 0.065669776720311 0.0634354491276179 0.0697475795695207 0.0766567356592203 0.042653277210798 0.0697230576663871 0.0746725304376617 0.0653038036027728 0.0500084514778137 0.0510964246666116 0.052522849476584 0.0573676056995937 0.0335015905637983 0.0757730474642354 0.0622925389071208 0.0718452505205588 0.0503273353198899 0.0703954161035546 0.0510243914769126 0.057837935291653 0.0518784413835017 0.0362575795042871 0.0531128044936627 0.0699686751954211 0.0508190691227344 0.0681063322632324 0.0585751292445965 0.0643744316903307 0.0535872873492389 0.0537755287932675 0.0703931289178412 0.0713097293025644 0.0436317542222189 0.0473015189141706
0.0357335600633198 0.031217890757857 0.0407384853535053 0.05375268208605 0.049382993481449 0.048959416000728 0.0304816551873847 0.0639875670445078 0.0499784767227201 0.0274722648139429 0.0877858167086707 0.0596523519238808 0.0279573310603374 0.036263426018345 0.0314065262295063 0.0357127750863574 0.0407035192933127 0.0467898228812716 0.0373677077627206 0.0202420242166706 0.0568189054644852 0.0673132698581741 0.0359166864236719 0.0369860874807199 0.0490287612644444 0.0377913350606383 0.0438331106945613 0.0461522935125136 0.0638360309415898 0.0704949952756155 0.0287874012782025 0.0677791953440461 0.0563631575880806 0.0422589804542385 0.0326943031966246 0.0346024373129972 0.034288830845465 0.0347493903015644 0.0278714212625163 0.0635945087088336 0.0401974621723488 0.0438512900774802 0.0292410269617236 0.0660222144763383 0.0421884678098474 0.0485293868043629 0.0307787817511631 0.027262958695422 0.0345480629047637 0.0435634271003603 0.0289262887182124 0.0484573991308329 0.0352123585569462 0.0402428819335062 0.0302844546336804 0.0337123095619472 0.049333511420607 0.0698501153569668 0.0286369106984823 0.0327491020947742
0.0279045261539792 0.027712821870783 0.0306432912775209 0.0367455253661839 0.0296738681279874 0.0304127868923218 0.0263414607738275 0.0421988211872035 0.0317893894927478 0.0283535119816542 0.0613215408678488 0.0375978229258264 0.0253467884205016 0.0269403441008596 0.0261009416866889 0.0258887572755204 0.0294823184697561 0.0298370327195601 0.0283891520470272 0.0202866354519187 0.0383715660916961 0.0493970766522093 0.0315266652473579 0.0296991049595242 0.033505194853729 0.0289131372205823 0.0316238821702208 0.0316004052270039 0.043574877899041 0.0463316436869655 0.0309554844099972 0.0470148427947016 0.0345413363067232 0.030108822168083 0.0292632205467237 0.0300686543645427 0.0289688209305815 0.0303570115332679 0.0330987599484828 0.0402116461321098 0.027570824556431 0.0303395883164861 0.0265329399422717 0.0465420085639725 0.0306517747914412 0.0330062754219388 0.0267730304412112 0.0217424875374878 0.0283854150748394 0.0284992500646599 0.0258988664642943 0.0326708565756081 0.0263379052859743 0.0293110431205492 0.0269708921384361 0.0283810211227729 0.0310787235869116 0.0494455590639435 0.0279499864337187 0.0276435718448277
0.0322879494987169 0.0331265780582116 0.0348078695930466 0.0354099875506421 0.0272028268348017 0.0288998269551888 0.0310325238903168 0.035552868056761 0.0307460005059198 0.0345763864494994 0.0402958283872202 0.0293328133406415 0.0303385914974111 0.0309289918535353 0.029924949848876 0.0291509514767543 0.0325591983903611 0.0296456131070124 0.032154245197072 0.0245597447024292 0.0342308172568467 0.0384625333108944 0.0371129699207241 0.0341130013374428 0.0351303840029039 0.0323481146786431 0.0345211195363736 0.0327325464364901 0.0371414669915499 0.0350715034650669 0.0383531170710424 0.0352408236965394 0.0298081333044959 0.0328258604392231 0.0349060750587508 0.0354733754145952 0.0340055730365537 0.036688861773009 0.0406182596339048 0.0324517889172878 0.0295498221249957 0.0330526825157576 0.0329747676521073 0.0406144399802537 0.0312685323087151 0.0308280203626523 0.0323393365862749 0.0242447374940393 0.0330569446918819 0.0296300943713986 0.0321054183465782 0.0335195779098323 0.0302803116792592 0.0335464547529772 0.0335186611073622 0.0336067799531577 0.0297647698392749 0.0384450331033815 0.0338808748878639 0.0320785982392991
0.0404147002718321 0.040813554422896 0.0432707361355481 0.0425964095305981 0.0335598287676204 0.0355466462266919 0.0379908251321797 0.0412790058132032 0.037879192861264 0.0421634052264283 0.037824857051571 0.033874708511097 0.037176668180612 0.039269034915041 0.0362772336749212 0.0367317055029067 0.0404733438692878 0.0370821745167986 0.0399084915214674 0.0297456481854467 0.0402692803891991 0.0420517610036119 0.04528603384374 0.0420062839188146 0.0431503593871438 0.0397264958059231 0.0428313921998761 0.0401452678488673 0.0431534416731322 0.0386675423239603 0.0471216321506001 0.0380423432174301 0.0354697791440719 0.040849487898714 0.0430174340975345 0.0434120708865299 0.0419184370290418 0.0459538561806131 0.0477189731423501 0.0371785990286453 0.0369610930283446 0.0417232854373664 0.0418350198312903 0.0471777192554779 0.0375593867169124 0.0366773691021352 0.0404431722338898 0.0291605963324915 0.0407874761803388 0.037180825658674 0.0408479552897691 0.0413326484660293 0.0379366724465546 0.0421642373493469 0.0428756121445656 0.0418083803666495 0.0364550781514629 0.0423123875105653 0.0414684927360137 0.0391388594931982
0.0501080963665961 0.0497846944253024 0.0524559932127602 0.0527071157715507 0.0421079699584572 0.0448208083999664 0.0460662062393485 0.0512024922347013 0.0475682177994574 0.0508677052118742 0.0448790354770699 0.0419289797712279 0.0449903716399902 0.0488831069330366 0.0423791165434442 0.0453747447234262 0.0502855918918898 0.0461799930090067 0.049289354990611 0.034745525515272 0.0492682411293344 0.051550740584441 0.0541854645018023 0.051506815899595 0.0524767631405681 0.0485496465715342 0.0533114172926665 0.0479712205441545 0.0536757363512225 0.0481388807854852 0.056769809168668 0.0468151076885459 0.0438211862457444 0.0509002785761544 0.0526416265044466 0.0519750259936792 0.051352494994258 0.0568851480291764 0.0542766194218011 0.0446616329051992 0.0457229334920298 0.0522166177820123 0.0505627669232092 0.0577733136649481 0.0455291030427449 0.0451899366398496 0.0498626361950101 0.0348927984721186 0.0499931158543568 0.0450396004497162 0.0508814940192991 0.0503834085772772 0.0456563247277616 0.0459219170749835 0.0539536709222274 0.0513707714733605 0.0444180852581445 0.0521532863838936 0.0501820994007444 0.0474457673889896
0.0613879962205668 0.0607652580240026 0.0641316341374439 0.0652745564743361 0.0501308950816398 0.0558793110751202 0.0558075827759525 0.0640394447790695 0.0584729617290947 0.0614772007076232 0.0552264352596725 0.0446491615051606 0.0542580561218149 0.0580129819511393 0.047705544667835 0.0542340594778447 0.0623875737860062 0.0534186692978453 0.0605850293467134 0.0374118122481316 0.0601746812931223 0.0639474904563093 0.065141266692383 0.0631975323923162 0.0647301024921768 0.0590718032004434 0.0663662054060962 0.0566374529264692 0.0671422002653839 0.0602135201601307 0.0687245259063405 0.05863941357611 0.0537349704296348 0.063255018358931 0.0646330417487835 0.0621920447691117 0.0630256804998154 0.07044481806793 0.064583306600798 0.0529552306468834 0.054330785372184 0.064231852817987 0.0584575928182574 0.0719573784298941 0.0549966811475715 0.0557372118201244 0.0612769693464828 0.0415792980861084 0.0613193359181553 0.0524193389039165 0.0622484253483224 0.0601747506583642 0.054204731410591 0.0460234516939331 0.067629780178243 0.0622390144773939 0.053036205459711 0.0653540116901049 0.0607873019100534 0.0575203305595816
0.0760651491941114 0.0753886272297181 0.0806380910818226 0.0822073905129434 0.059909760489087 0.0702602941773456 0.0685929240362534 0.0816295035012931 0.0724162357496966 0.0758142028807518 0.0705939614970184 0.0437886314381919 0.0663922845626552 0.0690991558195189 0.0561652988428722 0.0659991756657706 0.0785163172239347 0.0616131722884741 0.0754654417160984 0.0395985154019359 0.0753052303144444 0.0810204479921817 0.080950713014096 0.0788107895642027 0.0818784135924625 0.0731556187271098 0.0839847720158481 0.0699869830821977 0.0854951471843327 0.0762865639647043 0.0857965812516175 0.0747205189650385 0.0668612604240552 0.0798112954928349 0.080932164345993 0.0768102245695945 0.0786721188110255 0.08915974661288 0.0800789427814677 0.0660274108744858 0.0655015227981873 0.0807486519689035 0.0707553010027367 0.0921105367990335 0.0676454843636367 0.0695643401443975 0.0765252946093883 0.0499079553494324 0.0764527116834429 0.064217385006579 0.0770493044087934 0.0747333952143487 0.066722795821659 0.0532682715797027 0.0861005478540986 0.0763496124242643 0.0649748551343285 0.0834828511873021 0.0751273306234179 0.0708795456228027
0.0968992011011684 0.0955773050937854 0.10391390965794 0.105775354450595 0.0750813864515356 0.0900855357777317 0.0861139991353504 0.105885070622723 0.0925791922883707 0.095913958598393 0.0922591987771291 0.0494959871783986 0.0831167746827407 0.0868360402960447 0.069210525230254 0.0834229155812881 0.100710161005725 0.0763146519184899 0.0961985880765931 0.0457696748235572 0.0964543504117506 0.104833971444081 0.103318979813484 0.100476703635402 0.105594562907889 0.0927482446499183 0.10832340799107 0.089198320039108 0.11094198295393 0.0987894421901179 0.109848007432945 0.0967872415423546 0.0851501114000662 0.102664806058704 0.103708296913594 0.097518331556623 0.10033557235817 0.115221718188146 0.101962404806591 0.084915615723082 0.0825301685140987 0.104347617590699 0.089894742270001 0.119890590736915 0.0851737119945139 0.0884404490726544 0.0976629250719473 0.0608833178222467 0.0973695277752554 0.0818884715437945 0.0983262033994949 0.0959014084763213 0.084737355076481 0.0670687167675996 0.111580720256639 0.0967975354040901 0.0823577353316694 0.108467330639355 0.0951409603342858 0.0893451795640522
0.116407326758651 0.11491089736361 0.12345770878054 0.125006827640831 0.0925694975067395 0.10961115321435 0.104501853400906 0.125397992102259 0.112037488585759 0.115224078460054 0.112074548601096 0.0605610004506932 0.101187881482767 0.105549101271699 0.0847214497724157 0.102021295233704 0.120439218250439 0.0936880747335509 0.115776752795689 0.0551428172372592 0.1162113853316 0.124256767227269 0.122741987329164 0.120041956168426 0.125147656093933 0.111995841125512 0.127704000268823 0.108496714067314 0.129867236078002 0.118544884348892 0.12895401215837 0.116705785082022 0.104121689052806 0.122382609514867 0.12337903730747 0.11692011603987 0.119902012550506 0.133735822338888 0.121418218331922 0.104146808476905 0.100978380229396 0.123792888535715 0.109125157973407 0.137301998726456 0.103600067616006 0.107544915276945 0.117268848057856 0.0740733331164746 0.116868207245799 0.100668800581595 0.117803968667586 0.11554083737194 0.103622796601303 0.0835482319354984 0.130480894832799 0.116195727808633 0.100943355779632 0.127740391164317 0.114401560126052 0.108162446079062
0.0972228314234157 0.0973490001054993 0.0987187726437359 0.0988697368400592 0.0875645578992522 0.0949148487998156 0.093795765839714 0.0989353365823725 0.0951004206917 0.0973022911411588 0.0943320147305319 0.0659765579049521 0.0923179811612851 0.0928550233854478 0.0836245149002659 0.0920830927010753 0.0985334679104859 0.0876555694269258 0.0972043216849253 0.0610365331796499 0.0973864344021376 0.0985312255992884 0.0990617795644358 0.0986118544480216 0.0994698019746423 0.0962479041781928 0.100050296018682 0.0946969097389369 0.0997357002107272 0.0968835071084374 0.100708325427113 0.0966406675341521 0.0926036642317074 0.0988823907898113 0.099074609144984 0.0977648288105293 0.0985324952040133 0.101074273205398 0.0989853573659445 0.092402981524025 0.0915110610585361 0.0982832098802858 0.0944108615668457 0.101108020611046 0.0931208213840575 0.0944774396085044 0.0977776349703371 0.0766017208641228 0.097595649175305 0.0912282074178525 0.0973088286731761 0.0964602792391229 0.0927789978216401 0.0823691042613607 0.100188696058359 0.0972358414881326 0.091504809447476 0.0994361190643347 0.0969261594072101 0.094924503085179
0.058179157841184 0.0583409281189895 0.0583517477354423 0.0582664543204769 0.0562619205760109 0.0577580515603637 0.0577608906414804 0.0583155695997835 0.0575930093835617 0.0582133968092345 0.0573491659324895 0.0502297549837932 0.0574050873210504 0.0572082916170428 0.05548504956937 0.0572418759463154 0.0584361167643997 0.0561511660354174 0.0581837627545942 0.04852148800077 0.0582913282310411 0.0581964925136856 0.0584531853674125 0.0584695458199838 0.0585898767956104 0.0581008053112743 0.0586292325105617 0.057774589560606 0.0583725077807389 0.0579021898786966 0.0588116100746186 0.0578919657625401 0.0572414289685415 0.0584598464477839 0.0583652779857294 0.0583509780623741 0.0584279570213518 0.0587319248392856 0.058524024584872 0.0571611508366586 0.0570737932002994 0.0581396779669564 0.0575764305443588 0.0586571394261489 0.0575037338194293 0.0577059804512784 0.0583428210571164 0.0536890248940466 0.0582460765615941 0.0569834705192507 0.058127812986489 0.0579146311946243 0.0573598308565726 0.0549159248193193 0.0585772287017511 0.0581921408573348 0.0571119367278821 0.0584198304074367 0.058130757968045 0.0578218456638623
0.0375327130678927 0.0374216362393083 0.0378329417344655 0.0378364674370531 0.0364740891786031 0.0372876845736968 0.0369316858980442 0.0378995903526359 0.0373911511088905 0.0373867119223219 0.0374901580622332 0.0338945764979049 0.0367638893183761 0.0371191793997483 0.0357517416392663 0.0369211169277315 0.0376842084453866 0.0365491111821638 0.0374845308329324 0.0325541369137366 0.0375547490590043 0.037837029960954 0.0377229422906492 0.0376356762577701 0.0379057942182356 0.0373078357161444 0.0379567435457219 0.0372303926012146 0.0380177754273975 0.0376774645744566 0.0379659062633824 0.0375856969152934 0.0370478526280002 0.0377656195164382 0.0377490370313745 0.0375071857735976 0.0376182297412272 0.0381448535973959 0.0376753573377844 0.0370782193048066 0.0368737654585227 0.0378497723592148 0.0372786630135693 0.038289650344456 0.0368893514458077 0.0371239741850012 0.0375476658290265 0.0347359774482124 0.0374948953517358 0.0368987940071697 0.0376094782033006 0.0375247836037253 0.036991212587524 0.0359151141564108 0.0380682076429312 0.0375192545978283 0.0368986040022543 0.0379961426518293 0.037365189270744 0.0370909296169987
0.0339628318224787 0.0336694287440003 0.0344432376288638 0.0345485487932269 0.0327879485595369 0.0336727141883187 0.0329978140497079 0.0346044300893254 0.0340115502244218 0.0337431703179582 0.0342500857882996 0.0303639872972777 0.03288842785934 0.0336525582363097 0.031769936537326 0.033212383206429 0.0341249879139147 0.0330035506390598 0.0338975124958542 0.0285067531148108 0.033923639471054 0.0345678727985033 0.0342446535903351 0.034038339371996 0.034425230896323 0.0335781380013458 0.0345449535957452 0.0335524184544582 0.0348334893537713 0.0343867124757282 0.0344748950531921 0.0342371114692201 0.0334707051918758 0.0342665128252761 0.0343899319903764 0.0338424289748362 0.0340418962461603 0.0348623365490078 0.0340980164852311 0.0335505182972118 0.0332243255369722 0.0346096347936609 0.03376741481101 0.0351477468975978 0.0330781161451221 0.0334344073093779 0.0339068914853364 0.0305978113164862 0.0339030935372159 0.0332959729407902 0.0341311544894039 0.0340951986965594 0.0333180351321683 0.0323382963515474 0.0347605883120358 0.0339449517082692 0.0332116223192921 0.0347139694291288 0.0337344690894248 0.03334447550439
0.038870612845224 0.0383441319600865 0.0396144896381683 0.0399027741410658 0.0372889490456902 0.0384469354338807 0.0373576863611521 0.0399165012705006 0.0391448793062787 0.0386237648517088 0.0394823911359618 0.0342291687874192 0.0373273312898282 0.0386052569135218 0.0358170323623215 0.0378047829707663 0.0390741037113284 0.0376961281631301 0.0388084484660564 0.0315060121954121 0.0387432273669146 0.039927856334986 0.0393592723612137 0.0389590881666717 0.0394645258656022 0.0382659214502915 0.0397185153302822 0.0382500166473081 0.0403421628302854 0.039659633831301 0.0395663411655739 0.0394439177753558 0.0382511275388061 0.0393009858188478 0.0397014493081106 0.0386527529080948 0.0390010337547953 0.040241497434276 0.0390655241864094 0.0383699078413024 0.0378993401575249 0.039989327652413 0.0386919095179253 0.0406987251139719 0.0376079110720644 0.0381476269713472 0.0387292491308909 0.034217207643651 0.0388264630814385 0.0380050049773609 0.0391560230805543 0.039184405657352 0.0379942967255141 0.0368286390923858 0.0400500884545229 0.0388654656164929 0.0378052059334228 0.0400389942748607 0.0386155701571726 0.0380212097334484
0.0464684449359766 0.0456307843130421 0.0475437140304093 0.0481743821729382 0.0443559622506768 0.0458378587036394 0.0442477122550722 0.0480576205651655 0.0471131141192712 0.0463106565225045 0.0474696983124845 0.0403964155699724 0.0443985484968922 0.0463121301275747 0.0423823707203493 0.0449827507222137 0.0467126398993843 0.045044982559113 0.046457500575439 0.0366339854800712 0.0461899218304894 0.0481865609888678 0.0473117605357032 0.0465966859097341 0.0471513791007229 0.045592831723074 0.0476426142129986 0.0455555053498386 0.0488075263567298 0.0477673672373011 0.0473923934176381 0.0474880965321823 0.0456855811108461 0.0470507933827541 0.0479833067911459 0.0461443700588667 0.0467172243957891 0.0484605758709722 0.0467881837713757 0.0458283371445068 0.0452252944210043 0.0482464779921256 0.0463383076115476 0.0491192645381732 0.0447868664337122 0.0455444857504804 0.0461980476093662 0.0402506985796022 0.0465131178392101 0.0453454792103338 0.0469035749524968 0.0470629360355021 0.0453166534638578 0.0439135332216359 0.0480879801410255 0.046510502353652 0.0449650174954223 0.0481624960587117 0.0462975616927108 0.0454226782509188
0.054907606773218 0.053676572340937 0.0563668730380922 0.0575718351778785 0.0521962249045821 0.0539857807676606 0.0518448854314835 0.0571890851695959 0.0561422715978793 0.0549436624339959 0.0563596722097021 0.0472248015015533 0.0523518396776432 0.0549980295701917 0.0497528325844663 0.0529238428567572 0.0551764766746301 0.0532697771192316 0.055038958983653 0.0423652096721131 0.0543865010331309 0.0575197355714539 0.0563207008436969 0.0551173764930622 0.0555593807322329 0.0537319131826821 0.0564400510564879 0.0536227599103518 0.058359098692479 0.0568977702895714 0.0560661876030817 0.0565782225534457 0.0538709552002802 0.0556327881999864 0.0575132039272802 0.0544810096938919 0.0553783578970294 0.0576609317551117 0.055449921013697 0.0540901502779663 0.0534175141167311 0.0575625869975729 0.0549020465225829 0.058532991447096 0.052836440011362 0.0538382101875285 0.0544464775113275 0.0470891373606958 0.0551685898987567 0.053509265080902 0.0555213193337468 0.0559219844814523 0.0534875240551801 0.0518007236888604 0.0569633927543553 0.0550603246553909 0.052856844730626 0.0572136293339042 0.055019291885415 0.0538024785276099
0.0637762140846209 0.0621012801247084 0.0656917788487838 0.0675429121977998 0.060367916162836 0.0625055027936827 0.0597641037384146 0.0669678614327591 0.0658078923220687 0.0629622034300391 0.0657690018681692 0.0543599973379685 0.0608591862394487 0.0643874057177971 0.0572664318065306 0.0612604982838758 0.0640880557665013 0.0617285449238708 0.0642045821170188 0.0483729901477869 0.0629432649289998 0.0671747992654168 0.0660692725614362 0.0641761660084281 0.0642661361876814 0.062330947382253 0.065748926096132 0.0620684019309134 0.0677337330425844 0.0666973825609315 0.0650424717509556 0.0664409049409463 0.0616251166194523 0.0644761472490006 0.0680999234820715 0.0632280091614257 0.0646093186663818 0.0674900036957705 0.0646950784321077 0.0627722688151026 0.0621656441358272 0.0675165815866307 0.0640307267298028 0.0685916758862547 0.0611986492971233 0.0627152989705275 0.0630612715383088 0.0544228203293212 0.0643980112679784 0.0621255177040512 0.0645701112671388 0.0653299980760414 0.0621703837927442 0.0594182284408412 0.0662625978407946 0.0641584047265999 0.0610929249598898 0.0668305139670578 0.0642186041064489 0.0628133761516814
0.0725276348677874 0.0707952131867051 0.0750767235695242 0.075507357936166 0.068116203373775 0.0713643979308712 0.0678507376304412 0.0770358631427134 0.0746114717042834 0.0653575006914327 0.075382921242327 0.0615925770575816 0.0695096314079196 0.0745483009690066 0.0624644903222994 0.0699380327192137 0.073283952869626 0.0680986221631412 0.0734789101388925 0.0542968616991006 0.0718315134335865 0.0736806009218158 0.075899580228495 0.0735900947328116 0.0732531208669514 0.0713045912072232 0.075497084772889 0.0707696524457077 0.0717062249307061 0.0765156991399707 0.0728992831801729 0.0770191113282307 0.0665723406207037 0.0721066869143439 0.0795025521432249 0.0715473602672831 0.0737010234484989 0.0775623726590908 0.0740009656605018 0.0717038486490149 0.071519549074391 0.0768250074858643 0.0733006860193885 0.0790568860130184 0.0679088066355288 0.0720815431891379 0.071712185196695 0.061668551146167 0.0731916237507116 0.0709329836612165 0.0732237539789926 0.0740703323164089 0.0712509244581153 0.0635637408515233 0.0757381713308034 0.0733976852632561 0.0695775222936869 0.0768107964798202 0.0712658086638277 0.071577675013477
0.0785835625904498 0.078909239789168 0.0818058567938959 0.0756275431733565 0.073039156820031 0.0802899647188384 0.0751894433214717 0.0844055484447134 0.0766446573486785 0.0678713556250257 0.0831186021201261 0.0678239940231667 0.0754542438926201 0.0848627220058578 0.0644101896162311 0.0784282204260836 0.0814467964135147 0.0704397608303389 0.0794877994693068 0.0585500854015163 0.0808115784962791 0.0738330933373465 0.0811729006417223 0.0816146131451676 0.0825771569180479 0.0797092889420123 0.0847200268172938 0.0788289201455946 0.0726434444369209 0.0820247004772672 0.0773214065993609 0.0866281800657812 0.0726467808116403 0.0766698231612077 0.0882261608050793 0.0762627385173701 0.0787827347459318 0.0847479248491828 0.0799434245612999 0.0797350250658302 0.0811592415166683 0.0800694583443573 0.0796591542283728 0.0875754733644282 0.0699098783598047 0.0806559483938774 0.078684087693768 0.0656323658805931 0.0772541383871039 0.0781340604844541 0.0782686523948274 0.0776048244824891 0.0794361026370886 0.067191139132693 0.0838650364860174 0.0799303597266311 0.0776993502760276 0.0852958372463091 0.0708497231263041 0.0752234214118332
0.0828004250676829 0.0840465871569466 0.0847196592588539 0.0784604179447607 0.0781323728311497 0.0875958999501473 0.0804263026520563 0.0847284378469347 0.0773155904700818 0.0757384938547309 0.0872827997412332 0.0724050508489228 0.0772122737146759 0.0912263098430309 0.0702349221598107 0.0844056359435323 0.0856011778915555 0.0766045996898088 0.0798155388074229 0.061843714832549 0.0883197948573948 0.0793590204368092 0.0795452360208175 0.0846524227663094 0.0921480086154183 0.0841290332777056 0.0895651708462963 0.08393509866237 0.0803211069808759 0.0812952335917655 0.0840135868201988 0.0891860047947055 0.0812997961880052 0.0837040657439712 0.089377233205993 0.0803096569243285 0.0804104941331216 0.0853253391192687 0.0810433574516479 0.0851317516853723 0.0882396840665875 0.0815092785662801 0.0806878504454301 0.0888080474472796 0.0749206115869035 0.0854180826690003 0.0833046073911843 0.0669094074436185 0.0798247932760153 0.081506910471864 0.0826851655443452 0.0805249122146665 0.0826021363062966 0.0748492042348613 0.0891569046275248 0.0818918186517166 0.0835887230479683 0.0879891554390028 0.0738073169222658 0.0745349703127337
0.0898590549794386 0.0892588638438409 0.0913333163226673 0.0861868477011539 0.086410182722041 0.0921270907382544 0.0867975984267713 0.0882029219965546 0.0847980401307807 0.0849997889932834 0.0932888058212934 0.0789075786350932 0.0815850169361628 0.0906856470240155 0.0781447371627472 0.0884405901626741 0.0904931620589354 0.0855385890238584 0.0848735421792066 0.0673421707941329 0.0932534247984099 0.0887303534675117 0.0835437645487578 0.0883206121922331 0.101240123645149 0.0870887931147784 0.0923351738604722 0.0895030930173086 0.0903859064981152 0.0866060469323712 0.0934703719057411 0.0875737548163033 0.0906661568769452 0.0931877716835605 0.0900649149671695 0.0880983892776054 0.0866608601916129 0.0900798348220213 0.0866736563053604 0.0920729250083947 0.0882101046460741 0.088850729746476 0.0861192710539573 0.0914974204919956 0.0833400642068532 0.0884740116377051 0.0907552863452721 0.0713509487421499 0.0857806691589791 0.0870378371949403 0.0911967501081588 0.0877169966996839 0.0849071527877351 0.0836955264879513 0.096431170996411 0.0872551736018965 0.0893609175278625 0.0914163643315595 0.0821892460460666 0.0802244506102384
0.0988619768081657 0.0977659380910723 0.100895888817087 0.0952295342543096 0.095855694475575 0.0990957339351081 0.0953644087932595 0.0971962181360298 0.0940772664987296 0.0946272281084488 0.100872357529266 0.0869653747740013 0.0874391911706725 0.0900649344308619 0.0866350485491311 0.0953526907533315 0.0992934244464635 0.095187067014487 0.0940363830998144 0.0740435968612584 0.100486115884804 0.0986044813131647 0.0914192032095459 0.0952519419885649 0.108917897036786 0.0943625501695542 0.0998834013904924 0.0983458296919677 0.100817961829789 0.0962992144493017 0.103709340259435 0.0902045369641945 0.100425116334039 0.103394933813702 0.0863694928687243 0.0974703174951569 0.0947283260228887 0.0996359324566436 0.0948795801298007 0.100181099315566 0.0896276690488325 0.0979161622647518 0.095345838370117 0.100640035063232 0.0924804783356592 0.0906043956522248 0.100442266805052 0.0764800830885288 0.0928930960843373 0.0954146801024735 0.101005392998387 0.0960587376830358 0.0921612192506521 0.0927869392499472 0.105836102138337 0.0954257191594163 0.0979907689471996 0.100067603850952 0.0917907750261155 0.0886522969016285
0.109236420682069 0.107880788982421 0.11175886310363 0.105732421037781 0.105834538098522 0.108979613475176 0.105057350908621 0.108166899962544 0.10395639710812 0.104618516178614 0.110879503899266 0.095741012656572 0.0958102650254636 0.0947793011422598 0.0955924737508723 0.104849623255949 0.109832328098294 0.105262112552151 0.104469932121551 0.0814311280910326 0.110473549449113 0.109154846307831 0.10125639525086 0.104843876185552 0.117190041722343 0.104005141757486 0.110204179922961 0.108600031093216 0.111569055568046 0.107263171622368 0.114409545571085 0.0985819091481209 0.110640043115476 0.114056639145249 0.0878694933342297 0.107742784692217 0.104412005839152 0.110698967520973 0.104394090745653 0.107753678240345 0.0970840479718623 0.108422907048865 0.105641637702744 0.112018330204281 0.10208757130887 0.0970010017275526 0.110952709505817 0.0835341547702421 0.10238842464941 0.105346431690014 0.111450677969941 0.106103656195343 0.101921297001878 0.102270984756675 0.116736049396393 0.105432836763982 0.10807797343945 0.111020554845871 0.1018547121889 0.0978381932186878
0.120368181087037 0.118751810152615 0.123322800806939 0.117053358047482 0.116328448715842 0.120053187050705 0.11540676663063 0.119879686421954 0.114851872086856 0.115106587659953 0.122438348718469 0.105138182204689 0.105790955271588 0.104382934848079 0.105018275417441 0.1155417892422 0.121130333763019 0.115821051276986 0.115501676708136 0.0892926351173721 0.12162778700223 0.120473860464056 0.112265150142428 0.115836447621468 0.127703159295535 0.114746943944061 0.121763761266337 0.119541631627512 0.122980806523722 0.118834522179677 0.125720442986625 0.109627155791008 0.121420565830321 0.125309151139046 0.0965290376295586 0.118630211051641 0.115296177262809 0.122505053941677 0.115209193846465 0.117157839563686 0.107359226454718 0.11995315859457 0.116655798819037 0.124180611445264 0.112302210842024 0.106921681979592 0.122042764427487 0.0920547596992443 0.113175859059198 0.116160213704642 0.122671565504847 0.117214094178544 0.112672071071313 0.112370343066493 0.128604535609913 0.116443646947215 0.118891216875006 0.122855220819775 0.11244073026199 0.108019988631448
0.132139670663889 0.130255767994444 0.135515363186527 0.128979078927707 0.127421019822674 0.131845932416466 0.126371865074621 0.132170360766353 0.126512074906072 0.12618404621175 0.134840392618871 0.11512204426009 0.116537581000396 0.11584966613559 0.114978439730144 0.126940422415782 0.133055977949657 0.126963204756807 0.127083283500462 0.0976206980846418 0.133517812407747 0.132454747108952 0.123942186746718 0.127575402264472 0.139836024695883 0.12618550866283 0.134069584888722 0.131108650193579 0.135091159773648 0.130963506008927 0.137727287175892 0.121636009901263 0.132858425459588 0.137254949689324 0.107795014072583 0.130125114514088 0.126903354366176 0.134930352142651 0.126825098152237 0.128430217189054 0.118705987378281 0.132167551922649 0.128310051235104 0.136948717213315 0.123125191077234 0.11816085246122 0.133758644583723 0.101273373275176 0.124662791805376 0.127620393972381 0.134603305089326 0.129005592740983 0.124040636772248 0.123101736182142 0.141217787357711 0.128111929647904 0.130343611951698 0.13532404657677 0.123584264721821 0.11893189423452
0.144613073317766 0.142452969224603 0.148415207399434 0.141555998754238 0.139206627467662 0.14434404028066 0.138021698201978 0.145112701328519 0.138857613619852 0.137940997088297 0.147990319414972 0.125739958127103 0.12790233398948 0.12814032491916 0.125555983996408 0.139013817982136 0.145676262303645 0.138786788019814 0.139301125450909 0.106472751843075 0.146138381833503 0.145139948559316 0.136241847995018 0.139985437107393 0.153030442489186 0.138291933163671 0.147083618896176 0.143376009377442 0.14794366278324 0.14374193841265 0.150503014923236 0.134278543858393 0.145041332271829 0.149970272508414 0.119999616011257 0.142309722468529 0.139181579325484 0.14804019102606 0.139131395721455 0.14079090676986 0.130720172020856 0.145065743990792 0.140634831682158 0.150399580951351 0.134612676457728 0.130121084962253 0.146194027400109 0.111037281774162 0.13679452177426 0.139752709084591 0.147278787957154 0.141470388201412 0.136034771942803 0.134514946215201 0.154607573781123 0.140443337331004 0.142501712827808 0.148479877696841 0.135363935263765 0.130482512235104
0.157885976900092 0.155438339592123 0.162127727167117 0.154884918279691 0.151778915671824 0.157630615439804 0.150445569400623 0.158820141337238 0.151951209381991 0.150469741914055 0.161964203220831 0.137068581547192 0.139936156199987 0.141095878414589 0.136834706934277 0.15183918882747 0.159093060770783 0.151386272636272 0.152261794768859 0.11591744131217 0.159576526355517 0.15862326962741 0.149248203794217 0.153141855873122 0.167169488262236 0.151145982372744 0.160892113765755 0.156441736106852 0.161627204444948 0.157284178824097 0.164139701283539 0.1475869917366 0.158058720689699 0.16354609143094 0.132823853795296 0.155281634988368 0.152206693897298 0.161944015441768 0.152188413510253 0.154012579379469 0.143402402855512 0.158739730717311 0.153719711078864 0.164652664300457 0.146849955610328 0.142755796112867 0.159448359142568 0.121384104736726 0.149647599628043 0.152645692423002 0.160786454516591 0.154694581460838 0.148744131428155 0.146688594520799 0.168871606158116 0.153527284847323 0.155460424572812 0.162431518991531 0.147876477942892 0.142726820021933
0.172062496767156 0.169313205284916 0.176762058432221 0.169074809904683 0.16523190904828 0.171807892987797 0.163737106714541 0.173409988795853 0.16589162517905 0.163863658385963 0.176876190122359 0.149191866820131 0.152731431809496 0.154777029183689 0.148898441572729 0.165515393468696 0.17341359361789 0.164855227558593 0.166072536387511 0.126025302738767 0.173939105769499 0.173009400192397 0.163070183329999 0.167150511655238 0.182309144577162 0.164850484792688 0.175607393612651 0.170408045355652 0.176244890130178 0.171705377769035 0.178737862933824 0.161669365301589 0.172002967060872 0.178081698177075 0.146292465523136 0.169140766585577 0.166081031656238 0.176758184208546 0.166096117127533 0.168113441783544 0.156844689285749 0.173299030019509 0.16766807002474 0.179832530660475 0.159929380215125 0.156144682117251 0.173622213385355 0.132391848986218 0.163323778075848 0.166399798346166 0.17522947114779 0.168782178393471 0.162272120080166 0.159709790160527 0.184122796974559 0.167468528530127 0.169320593562151 0.177296324093641 0.161221127642838 0.155756899394334
0.187250219138033 0.184182242158915 0.192429582801359 0.184236413236415 0.179662719254104 0.186983418819535 0.177993369341345 0.189000044180643 0.180786488825576 0.178218904178232 0.192852294484843 0.162198017139818 0.166388876664499 0.169294241387613 0.161833017983635 0.180146571537851 0.18874757166834 0.179289286129056 0.180840762178845 0.136868753318183 0.189340454163737 0.188407291669174 0.177821266406256 0.182124291379228 0.198558656950461 0.179514323857378 0.19134865890436 0.185380448712907 0.191906351006036 0.187120922853476 0.194404165354178 0.176648037562184 0.186971265204746 0.193682713438532 0.160509715429801 0.183989397886373 0.180913262634856 0.192601222146214 0.180964184648367 0.183181051834776 0.171157980481489 0.188857224942207 0.182587187091466 0.196065448913881 0.173947047374733 0.170394492883134 0.188819027243199 0.144146735029904 0.177929803570524 0.181119102265186 0.190717807045937 0.18384145774915 0.176724386231676 0.17367037053461 0.20048129195347 0.182375455679842 0.184187292260322 0.193194116967915 0.17549850926835 0.169673162921665
0.203562271950873 0.200155408344464 0.209246435347582 0.200483796134173 0.195174277039964 0.203269610860884 0.19331682395251 0.205711366065418 0.19674867193924 0.1936367677655 0.210028701184971 0.176180879470555 0.181012706594483 0.184769844849996 0.175728418987146 0.195841093932416 0.205209426915816 0.194788708801421 0.196676910322166 0.148523695563867 0.205902937696327 0.204931331855802 0.193618304678147 0.198181081680354 0.216049975783685 0.195251662924875 0.20824112559037 0.20147026602497 0.208728444725336 0.203649747416202 0.21125311891545 0.192649486340774 0.203067772924075 0.210462740277149 0.175597268604106 0.199934552379682 0.196816767215953 0.209596171458051 0.196908096445905 0.199324429660406 0.186458455374548 0.205531931820979 0.198588702258035 0.213482641652469 0.189004209545001 0.185618759380648 0.205147801536873 0.156738191455004 0.193575673137042 0.196912058577237 0.20736923837982 0.199984675692957 0.192209118393233 0.188667790237338 0.218076040087372 0.198360377761493 0.200172190197246 0.21024937967446 0.190812879796344 0.184580097852114
0.221120593682929 0.217351012495108 0.227336799361172 0.217937486673352 0.21187816702929 0.22078625935069 0.20981799856028 0.223672203624497 0.21389822760422 0.210226202999926 0.228556349493304 0.191242471035465 0.196712091343059 0.201332155058265 0.190680902539313 0.212713837315804 0.222921594696951 0.211460771703573 0.213697811346131 0.161071428447252 0.223760841928448 0.222704306232365 0.210584543441069 0.215446626799073 0.234934106082521 0.212184949797879 0.226419481977395 0.218797990155365 0.226838230831217 0.221418330632425 0.229410077409598 0.209805792388845 0.220406041958213 0.228546311795906 0.191681686083229 0.217090816783757 0.21391216554062 0.227874503020246 0.214051306033063 0.216663857364703 0.202867516002177 0.223447600262603 0.215791455531198 0.232225034185948 0.205209784995613 0.201935833901714 0.222726036246748 0.170259867894723 0.210376821893556 0.213894215361776 0.225312733912493 0.217330599124189 0.208839723251458 0.204807157087765 0.23704893424387 0.215542366818809 0.217397045136742 0.228595249837351 0.207274991293531 0.200587705530548
0.240060044507742 0.23589952489298 0.246836745178764 0.236728223401371 0.22989800546121 0.239664032545896 0.227618713553728 0.243022558492845 0.232366053455996 0.22810678723088 0.248608739518879 0.207496351444005 0.213604280184176 0.219117931593853 0.206795310795858 0.230889480043468 0.242018433082242 0.229422332299051 0.232030409641 0.174600873332507 0.243066182815735 0.241861258839081 0.228854010363254 0.234059101225838 0.255386520249636 0.230449417268329 0.246033099042877 0.237497475182585 0.246377221537701 0.240565281428369 0.249015311493015 0.228259402859808 0.239112063181748 0.248072933313203 0.20889465937462 0.235583580577733 0.232331240318123 0.247580914935684 0.232529394490945 0.235331030338951 0.22051539859927 0.242739203992734 0.234325250012863 0.252449078601785 0.222683521074686 0.219471530514073 0.241683151403217 0.184812194583824 0.228457360763059 0.232191730044268 0.244693325630444 0.236007927777602 0.226738177617215 0.222203913312688 0.257560687959501 0.234050983078529 0.235998247964628 0.248378503555942 0.225005364678521 0.217814480363936
0.260534030994352 0.255948706648661 0.267899172497426 0.257001708981894 0.24937407787144 0.260049097163406 0.246856413400715 0.263920018921691 0.252299042721108 0.24741265568876 0.270394066092719 0.225072470548799 0.231818846172337 0.238278010262456 0.224187949923134 0.250506812873481 0.262651332871309 0.248803021812448 0.251816416580668 0.189211520800647 0.263997348080256 0.262554715659239 0.248577388893209 0.254175513796877 0.277618672351664 0.250199406688431 0.267253377963221 0.257721734621403 0.267507466425179 0.261247290630375 0.270229857291183 0.248170017930108 0.259328527855558 0.269202927651854 0.227377154817222 0.255553201404777 0.252222304844829 0.268879707327399 0.252496025864249 0.255472945723963 0.239546657521044 0.263556922109327 0.254335856777415 0.274334611251056 0.241560246148089 0.238363566498459 0.262165023140279 0.20050586567023 0.247954173042073 0.251946024068946 0.265679244085731 0.256159683751728 0.246039181318244 0.240987498632085 0.279799424263732 0.254031128593915 0.256133322302922 0.269766217533772 0.24413847218756 0.236391437095368
0.282723153791674 0.277671365046437 0.290701009970946 0.278925464783604 0.270470515619693 0.282109833460597 0.2676906785138 0.286548307188822 0.273867856197881 0.268298418069153 0.294175551719015 0.244124952261325 0.251503849714268 0.258986089471342 0.242990669370982 0.271724958549065 0.284996247418463 0.269749762911489 0.273219037448792 0.205017912888659 0.286773157894718 0.284962554480586 0.269930773678962 0.275981538216457 0.301898393100536 0.271618166788661 0.29028512105119 0.27965197507591 0.29042106770543 0.283648020660593 0.293244704066969 0.269724959375849 0.281221408916252 0.292126666907506 0.247286007168835 0.277161069622707 0.273758261282268 0.291964368068293 0.274132080587241 0.277258756231305 0.26012834403781 0.286072716943366 0.275992479108267 0.298096831518872 0.261996254870783 0.258768005198361 0.284340773266109 0.217466826749661 0.269022601408293 0.273320713115176 0.288473360719479 0.277949460323823 0.266895998473102 0.261306883372434 0.303994391114115 0.275650128957605 0.277991303719081 0.292955823294358 0.264828867451173 0.256467900948984
0.306850010881228 0.301278411584722 0.31545492839916 0.30270002514363 0.293387602889496 0.306047749599497 0.290314089646582 0.311131427186507 0.297280025898775 0.290949071849225 0.320308836205134 0.264845980093384 0.272836015401825 0.281453382345015 0.26335731701547 0.29473347503033 0.309266096286831 0.292433905637959 0.29643402349694 0.222157358352499 0.311678045879532 0.309301194106301 0.293130430051509 0.299708401335796 0.328587823049245 0.294934797689808 0.315386072936135 0.303513235661582 0.31535652801499 0.307993088875078 0.318296572229165 0.293156761822106 0.30499109330232 0.317080496627356 0.268804316906131 0.300599465541226 0.29715015384594 0.317073717908658 0.297661230895187 0.300891384804006 0.28246367197278 0.310490685562668 0.299500275809681 0.324006653405081 0.284179969698591 0.280869543292586 0.308414056534502 0.235844364637629 0.29184537843794 0.296513222925248 0.313333335373507 0.301571430590409 0.289489872970854 0.283339828949004 0.330439916759649 0.299109375288788 0.301811076781407 0.318192080404748 0.287261351910738 0.278220881283948
0.33320725707823 0.327043185882555 0.342430412231705 0.328579398217655 0.318385077054023 0.332117206545187 0.314972234420205 0.337959767470507 0.322804630430917 0.315598405743066 0.349317912297869 0.287493309508118 0.296039808771475 0.305956140189285 0.285475049673471 0.319770714582379 0.335733394215867 0.317063694528139 0.321710009870796 0.240804841974232 0.339111801251174 0.33585005503004 0.318460698613924 0.325665234097958 0.358220610965218 0.320456827867218 0.34290409112974 0.329604331715206 0.342629625208539 0.334578207228242 0.345697580269587 0.318776856120038 0.330893026389712 0.344376806045186 0.292159940295058 0.32610928230585 0.322672594067164 0.344522082183074 0.323379486954093 0.326628920402707 0.306817865472068 0.33706514654238 0.325123814863493 0.35242889964488 0.308351638869207 0.304900117040297 0.334643763148241 0.255825978651247 0.316648376928219 0.321776536948987 0.340610633940044 0.327268243702056 0.31404720509037 0.307310041088198 0.359541229501114 0.324665690718627 0.327917165651706 0.345798839862368 0.311669836086409 0.301872146786174
0.362216939105298 0.355351873881598 0.371995770600094 0.356912929418862 0.345831285041697 0.360665145137711 0.342004619362959 0.367443842021592 0.35082444304491 0.342567107261633 0.382068400210415 0.3124516126128 0.321428049902118 0.332894370442685 0.309586327191297 0.347161177609453 0.364776123291929 0.343908414926549 0.349390451652957 0.261205604275921 0.36969943577522 0.365002041679964 0.346333297696861 0.354308587476214 0.391678023833878 0.348640365084493 0.373355960183917 0.358361825505794 0.37269813836779 0.363828251717314 0.375896985988735 0.347048541181922 0.359280124674405 0.374466907024871 0.317663150957232 0.354015372241345 0.350717174459704 0.374762113903189 0.351717944133884 0.354828569899594 0.333573619797097 0.366135684716486 0.353236281694512 0.383901902737363 0.334843858150431 0.331177066672086 0.363386153689221 0.27766833022743 0.343731709431498 0.349464853940834 0.370834652790479 0.355366745506318 0.340874922476411 0.333522616987491 0.391911546452715 0.352675160223234 0.356797839924229 0.376245226275922 0.338376577885641 0.327723229616785
0.394573699060481 0.386822191648574 0.404712459050823 0.388242762758408 0.376321492694812 0.392221737517689 0.371939401895591 0.400239941608592 0.381962196178929 0.372352608902811 0.420227467244229 0.340391148459644 0.349501960817201 0.362936756131233 0.336037065191859 0.377401996235861 0.396982908689306 0.373350975348813 0.380012227570631 0.283757721179072 0.404570686916692 0.397381791330647 0.377431889325694 0.386413916610217 0.430655796935747 0.380263420345659 0.407617937147691 0.390516280522778 0.406315948277195 0.396438684167418 0.409626702734921 0.37876968023042 0.390701437566084 0.408090109305695 0.345795408270174 0.384806007747635 0.381920676621641 0.408533492426545 0.383395294679447 0.386049480627163 0.363368720641715 0.398203357357165 0.384437481763315 0.41932559955009 0.364176269472101 0.360193053821146 0.395191845474763 0.301771301295099 0.373539263899266 0.380143278531741 0.404920077831979 0.386358719661708 0.370443961902254 0.362447514954127 0.428605711783868 0.383695340790109 0.389301089754981 0.410302300642776 0.36788545834375 0.356237424918921
0.431657175810279 0.422633707282882 0.44158157460877 0.423571772057214 0.411017461211556 0.427743205903365 0.405751342020106 0.437596804027887 0.41744658923708 0.405880227961874 0.467778931996273 0.372772334408255 0.381249643350884 0.397453607918733 0.365398933614676 0.411399294386648 0.433435876319109 0.40602047009728 0.414580553787487 0.309267956528607 0.446225642373082 0.43417263102994 0.413134849153086 0.423584956037053 0.479198509880101 0.416941667542488 0.447475073834821 0.427549517335687 0.44496780245706 0.433778416490676 0.448306103191333 0.415627925121894 0.426172467181773 0.446691800341197 0.377459727227165 0.419340988419983 0.417531961545074 0.447279713838155 0.419861711269925 0.421337401878095 0.397509918725835 0.434122014877817 0.419891267551891 0.460486519945432 0.397317095312501 0.392868449272901 0.431067808629227 0.328890059024845 0.406840194317297 0.414902619992414 0.444780513482887 0.421114547570992 0.40362398017579 0.394952862235921 0.471788099174024 0.418766575785431 0.427230452417416 0.449481976843604 0.401145871562457 0.388267629692154
0.477075984258014 0.465701554665926 0.484841557611647 0.465298772537111 0.452912337695966 0.46942903476042 0.445748735885599 0.482570992815617 0.460498513138741 0.445402443638471 0.538098632061897 0.414063811083124 0.419331234780177 0.440239522158861 0.398850403834556 0.45128755889763 0.476666451715587 0.443200654227584 0.455550164932535 0.340029001473075 0.502176755449902 0.478266411801952 0.457137460142553 0.470256724992418 0.550838100369077 0.463163313200593 0.497680718569497 0.473449505964672 0.492444452287995 0.479372544001039 0.495477655983436 0.462467118612159 0.468113778829093 0.493924892917445 0.414892963831636 0.459527023218069 0.460772955708716 0.49464442070804 0.464989907802757 0.463229520527551 0.439636540226402 0.47568344648413 0.462576080395633 0.511928048942014 0.436603031721802 0.431462903794209 0.473367702403015 0.360924287126282 0.445316282591649 0.456534040638052 0.495724056060364 0.461589131026013 0.442533621150541 0.433141884179415 0.527200776547353 0.46039492332656 0.475778807380693 0.497611370352497 0.440515349437235 0.425865792693421
0.545728049552303 0.52695180003776 0.541593112652178 0.522048612758564 0.514158270807096 0.524704012326029 0.500043616316672 0.546362485839907 0.524667457218021 0.499367473959171 0.717576131103207 0.489135709355718 0.475762874385627 0.508860276578812 0.439803889899293 0.504626657121715 0.535336227704469 0.48854167705392 0.512102465343317 0.387499276960153 0.611837976039941 0.54028473616509 0.525422167367879 0.546596074152494 0.733109865008304 0.539558654871526 0.578138564323713 0.545500957928663 0.563554544214877 0.547333473487139 0.564460920757065 0.542910931853888 0.525171246654897 0.563843015017801 0.466767274794579 0.511393690319244 0.524701444015931 0.564614296133032 0.535361799133797 0.521061159747111 0.506888031184152 0.528040883914266 0.524495255750019 0.590981256305008 0.490560032646715 0.484593415382373 0.530192700870667 0.405496144554047 0.494227979284934 0.516399578330422 0.581696697761266 0.514146242218862 0.495248969682926 0.484904141508662 0.618333465482723 0.517635823088587 0.560450958228557 0.569398559122045 0.495144310518311 0.47660770775017
0.645313376882559 0.676726833712559 0.654174495444278 0.645904543567136 0.592145718011466 0.642233371456891 0.622816527217716 0.701714611642243 0.590560320383376 0.612324935880668 0.30752160286466 0.343786310603861 0.404951323214437 0.41838002377426 0.505875167972301 0.620463533440894 0.666508101088322 0.56022255180478 0.630367308051768 0.315379304189423 0.354804826844282 0.686317713613184 0.550053070710164 0.49176134841615 0.309830846815529 0.492812941047176 0.747466251298899 0.578404848607227 0.739934004776456 0.682477646082915 0.748178942814533 0.383819864489574 0.656327384579618 0.750091260427209 0.56284695856538 0.610005896971974 0.639250517063332 0.738931109598559 0.601080472679242 0.65282082048422 0.401719281543917 0.616824548657021 0.630266605586451 0.809436074407742 0.60786302288402 0.591315652640059 0.656231197922363 0.460988673997044 0.583764783889427 0.604128268907072 0.573712524754872 0.617732439900004 0.593005223743746 0.587160322126012 0.850813176661625 0.645705496477451 0.398461809403986 0.759447456780107 0.595863056589772 0.584007896009024
0.479063115697742 0.458023700786406 0.440358877406057 0.47345745750514 0.469626207277951 0.465001325612986 0.440631535960288 0.463840423291098 0.476625227403976 0.468465424542838 0.472466252163726 0.441322844706185 0.46255479088374 0.457278920665361 0.399835719273659 0.465123562006318 0.455884263627191 0.442441507467388 0.472800870444004 0.382256376242715 0.470630440341029 0.469454600311398 0.463618479275535 0.47050304011862 0.481298482552254 0.459672521278759 0.462031688991127 0.474729134573357 0.467319764715603 0.474248044430015 0.462631068602256 0.468831369954203 0.4695370223485 0.466307339935274 0.439593571800185 0.441268475249441 0.466498046665663 0.47086319397852 0.463771365530919 0.469981727009057 0.463934307324679 0.437841177826229 0.477403677911832 0.445250888856895 0.446919309266976 0.455319258213697 0.462948164596109 0.390815747947175 0.44037208386438 0.480444140336793 0.471578107171619 0.457256754727937 0.477524400556878 0.462574902831383 0.452494804052806 0.46220003232997 0.476167786261229 0.463705868994916 0.466660088688684 0.448938287780739
0.564020572215101 0.551315696824154 0.570166935493071 0.563223719620352 0.546191574854442 0.567689168184685 0.533771927549855 0.566526357161209 0.553670976158114 0.54596892522266 0.557868709690816 0.497648940071773 0.521767549530741 0.526662455033488 0.491748864039288 0.551606718230903 0.565539504012507 0.544466188046649 0.554880584153942 0.425869567927997 0.555289490819809 0.566890898502745 0.541179921880367 0.549479833973078 0.56893912095846 0.538333811252503 0.562234118111804 0.556280412721453 0.568233301371193 0.564008133601551 0.570964418221147 0.541851594430797 0.563782310232895 0.570359657135473 0.509639474802188 0.551197903745868 0.548640176393759 0.573669324442148 0.546011033415514 0.558714692028772 0.530414718428666 0.558664509677935 0.557189052824713 0.566996861333658 0.529448847901357 0.529414162744641 0.566355887863313 0.447016472853165 0.542160661324613 0.556005875118496 0.561642884450804 0.560335490570978 0.549858725845375 0.535881822199575 0.57168057822677 0.552858667736765 0.552831602801931 0.570887543836979 0.54028700789309 0.52371067661973
0.628525737351989 0.61662829399642 0.645587848956662 0.627309469386826 0.606531339707492 0.636434885194906 0.596733083189254 0.636047358386392 0.614223797743691 0.604952252711402 0.628678918712433 0.548372172736217 0.574426753981697 0.584154663385343 0.550429544013166 0.613948509941374 0.636700856463128 0.61075222210247 0.616827812457758 0.466348310337153 0.622784943162848 0.634458982620681 0.601738547461902 0.611884468508813 0.640345893632026 0.599801831577769 0.633098238438412 0.619390994658407 0.63817552616819 0.629933259957988 0.642728663182703 0.602095979592893 0.629076415352382 0.641083334304199 0.564259402577119 0.619342035771846 0.610696332765129 0.644820788263966 0.60903740166331 0.622480145256558 0.586595209640897 0.63918898691153 0.618473174038686 0.645517117652109 0.590313747647936 0.586515347966464 0.634066794649149 0.49303148465851 0.607211279339972 0.615913207965978 0.62933541848304 0.62776522006412 0.607763485284444 0.593590559190057 0.65144151519124 0.616891046009788 0.615531353440757 0.643259632658231 0.597820139161758 0.580253365446808
0.692356642106261 0.68012680178973 0.715791760207699 0.69012960516089 0.667782078656425 0.705271801147084 0.657558345825342 0.703207471054235 0.67473291677212 0.66375880148038 0.701832690971 0.601304636417763 0.63009331402719 0.643028951878053 0.606929414630381 0.676273202597439 0.706466889463043 0.673725961089456 0.679311943993951 0.50857819622496 0.690884568660937 0.700031265566395 0.661835522370475 0.674181177143612 0.71194829323696 0.660727339438968 0.701613743704473 0.681912669349584 0.705263189694388 0.69460087993661 0.710632019948133 0.663289616987551 0.692715479401027 0.708708405461719 0.618869618851652 0.684010801271438 0.672016138956178 0.713837629421177 0.671892737340449 0.685150897921187 0.644178094824411 0.713539079167159 0.679189564402381 0.719851245424544 0.652052467764425 0.643573370387213 0.699064209593042 0.539620625609335 0.670451399083148 0.676422889214182 0.695497994115692 0.69419959668955 0.667110608443618 0.652952001855846 0.727412652027842 0.679593125370385 0.679479282116233 0.712650689736892 0.65537066679452 0.636661767716626
0.763492295058838 0.750786423194425 0.794953975503066 0.75972284557314 0.740517121684351 0.792306521897812 0.724737246767574 0.7789703841157 0.742234968636038 0.729156366153449 0.796509362875731 0.66369309717089 0.699366921295089 0.712135193033051 0.672603530377564 0.749164494103458 0.791527319760179 0.746115191439806 0.752927398688651 0.555746282912976 0.772407081939535 0.773259756990219 0.728127357307731 0.744223064339882 0.795597464248103 0.728288898419146 0.778787848433795 0.751340144012289 0.778776913195009 0.766992665871493 0.783927376741599 0.734241567353166 0.763389942540872 0.782919537621466 0.679166249422678 0.757259512743766 0.740070681294269 0.792199869398939 0.74410156630955 0.75516023859358 0.710668926036515 0.807262564133998 0.745787914109428 0.805332654010731 0.728186579861708 0.706694335770547 0.77098128845919 0.591132803539503 0.745840540848243 0.745452654461304 0.768926015328915 0.774394810136921 0.737209079357164 0.725104654654264 0.81470086581505 0.750347974691665 0.755366701105862 0.790472605514582 0.719023079714779 0.699712267508128
0.866094817138076 0.854778515875341 0.925690491642872 0.858217463700405 0.858303008817861 0.928450262475062 0.819379801974007 0.902062021842273 0.843831159863088 0.823588386494901 0.896998156232886 0.736082211768547 0.658829898900261 0.842895856664911 0.795495341236236 0.887837727750697 0.982994453480111 0.877055961058474 0.896733226176361 0.623626646357583 0.945954052773634 0.885487209640824 0.819745863338476 0.851507109012602 0.957280942696522 0.824962144939056 0.905470725397142 0.85216706168923 0.881224526716808 0.880588842829256 0.877967545202009 0.863790356143253 0.865234651112853 0.887294573228684 0.762041258964389 0.885043326235286 0.837928149559696 0.92280713545553 0.872322046517779 0.860539633218284 0.827926495836009 0.916729615879744 0.835643690112356 0.964605363266216 0.87411997302775 0.792379802682215 0.875373001673629 0.661183108834937 0.868522847593058 0.861737662841877 0.877539033464988 0.939010417022044 0.85357518387264 0.821800686044982 0.97160961301104 0.867206970805699 0.908710570749908 0.914237300294945 0.80897672436753 0.794989402154885
0.77092814182712 0.758551002334448 0.788603240159293 0.778092849322532 0.794386725330101 0.808978098538818 0.724969210527095 0.794490904896955 0.798487741928393 0.775294400257109 0.801662161920873 0.726586360988401 0.759382890191467 0.752980727584632 0.696508532290886 0.784260859592511 0.799666934337613 0.77201858129557 0.79309103277551 0.619326715021008 0.793792073404232 0.802687992782651 0.753861646897383 0.770321989006773 0.808702913941706 0.748118869189248 0.794210800362709 0.785293855905479 0.781492984348589 0.809310574246428 0.890992594001213 0.782570378129727 0.778849827006964 0.782989364443354 0.718245204468184 0.795277154869857 0.767513135588698 0.800055299391425 0.783988688486163 0.789760186863415 0.765757312395101 0.814624276872084 0.786900523378055 0.79398512089 0.754376838371887 0.723091398991664 0.786858216494773 0.630739842573927 0.791609344728194 0.801715336709522 0.790290859952877 0.797890271798248 0.7968981989927 0.770639852704915 0.774790056823062 0.795489237721125 0.787444753823754 0.797142758676332 0.775775686316897 0.751994172602163
0.908913692268408 0.892953056930148 0.930912563746494 0.909852735699187 0.884789775394093 0.913048492941116 0.861561556358154 0.923435511265697 0.901149306172369 0.881962613747548 0.910588132819636 0.802640766799592 0.835970944281962 0.847706006438791 0.792210827813169 0.887696985914791 0.913124866554593 0.880896396887739 0.893090795930909 0.683499434179932 0.904984430058894 0.926459937223129 0.87768082488626 0.890144101074517 0.936236513620684 0.874054290275471 0.924509332798275 0.905364593668924 0.930905977884227 0.923546052435412 0.922241000434736 0.879907009578471 0.911708369085382 0.934111901228138 0.82295137560653 0.903616422667106 0.889153084685417 0.934507446822006 0.889239519264576 0.907350455989909 0.855981660937822 0.92256874371754 0.906390420122649 0.936719971774151 0.849076221171195 0.848212998916087 0.920368208971688 0.718078407545915 0.884226562577228 0.8990629744481 0.921563187112938 0.90341673664777 0.884938066881155 0.858788187907909 0.937616476942433 0.901700046429739 0.891727013555874 0.935853565615813 0.876060531083662 0.848034377178783
1.00306056733389 0.985389222013169 1.03003568375161 1.0021620460829 0.967463415599341 1.00331575301486 0.95163783945911 1.01837659077182 0.986921557509685 0.966531442630552 1.00453299182138 0.875216098534949 0.910721497684518 0.929051722782832 0.86997258518112 0.974154991542568 1.00578861210355 0.967784749734653 0.978877109692155 0.743813252438821 0.996976563782833 1.02019468306682 0.96581121913391 0.979728332080803 1.0354080591771 0.96292046425634 1.02064499009786 0.995603385195444 1.02952701275324 1.01468969983208 1.03128856807417 0.964367694193484 1.00508400237922 1.03359952389784 0.902399801309323 0.992250663141977 0.978040416630957 1.03214086723755 0.976814110842505 0.997416785824066 0.93604777750854 1.01566071728004 0.995365583751182 1.03914610951572 0.931423811735562 0.933947400269992 1.0143532490576 0.786130086005894 0.967743462027041 0.983667826663903 1.01659862359144 0.992542913684838 0.966302314036883 0.939158806910551 1.0445526512805 0.989204685038457 0.979397424407228 1.03430595086871 0.9586239929414 0.928174921305206
1.09646045059614 1.07723393988819 1.12801309399793 1.09451109954502 1.05347168217507 1.09575756098291 1.04032183253082 1.11362775517736 1.07554723375209 1.05300238978993 1.1007092840708 0.95153935235325 0.98945539590727 1.01263745603707 0.948841512311471 1.06264703468122 1.09927784703493 1.05567189205644 1.06692110481918 0.807351013645096 1.09077062390737 1.11544256207461 1.05454244980293 1.07020477313918 1.13599861341323 1.05217022712097 1.11731234868808 1.08726455396989 1.12728811606848 1.1080254840307 1.13273178172491 1.05163567056396 1.09853929431603 1.13218861624149 0.983191369003159 1.08280916501291 1.06765026768408 1.12967834623863 1.06695613249938 1.08902868139019 1.01911151849756 1.1107855544167 1.08627084178423 1.14096449480083 1.01578218445214 1.01950962893169 1.10815065359809 0.855689804788095 1.05420547286263 1.0712005993371 1.11237322653443 1.08338452603882 1.05123161761695 1.02262577041347 1.14871758268836 1.07907537034265 1.0690135802157 1.13253023303728 1.0438802826544 1.01083783446199
1.19629108252136 1.1753775867843 1.2324658747471 1.19345633979748 1.14607867150904 1.19510677803556 1.13480341849965 1.21571940994967 1.17140929766271 1.14592751128837 1.20485339505186 1.03406551505972 1.07432805517945 1.10239027028681 1.03308851474895 1.15782461122279 1.19880144399153 1.14935046280728 1.16128092202348 0.876038161601777 1.19201497438658 1.21872446519184 1.1499742480697 1.16753257247789 1.24544334214193 1.14822710905705 1.22141111688268 1.18627739425873 1.23245120527198 1.20899592841084 1.24031067317432 1.145871249014 1.1990850516934 1.23843633752727 1.06990422210657 1.18014360891993 1.16386317574877 1.2340990618478 1.16498669082925 1.18787430052422 1.1086251034511 1.21309433634397 1.18502048017095 1.25035745485268 1.10604559780217 1.11135249516831 1.20836469486679 0.930394849684759 1.1470398492751 1.16545750754602 1.21591364930974 1.18059943428177 1.14276863774246 1.1125343954429 1.25994058632642 1.17612733402375 1.16524565800756 1.23790714348197 1.13593556637849 1.09995165237301
1.30749993872725 1.28442098334443 1.34841414392525 1.30349662647385 1.24815275285292 1.30637295348868 1.23935482134098 1.32946249469993 1.27855493728557 1.2487115785821 1.32476677795738 1.12545029825024 1.16747733121006 1.20190320556174 1.12605062102337 1.26414896427471 1.3078824940462 1.25190717117438 1.26505684946777 0.951828377620778 1.30711234527238 1.33669411080954 1.25675247642 1.27688230208308 1.37220288442921 1.25640701569723 1.33893378124179 1.29774659175776 1.35106519169346 1.32253905113007 1.36114544111929 1.25125251936324 1.31262264295488 1.359003252612 1.16588900513397 1.28812959106141 1.27114088450359 1.35045671489824 1.27763421684475 1.29887105474515 1.20775930173445 1.32814612453548 1.29761068825606 1.37375613365079 1.20533783338214 1.21452870921293 1.319197458321 1.01289254195058 1.24901720715804 1.26962523907827 1.33359792966914 1.28801717676668 1.24383532897788 1.21245716589832 1.38622876665891 1.28489466484428 1.27238748468171 1.35609095852809 1.23826710483876 1.19882169992
1.43707579456715 1.41180444095936 1.48276961673527 1.43261880091367 1.36544507091804 1.41062237774313 1.36232678436764 1.46591605302179 1.40751436012676 1.36924288792297 1.41994083776659 1.23112528477763 1.27232618292533 1.31051675099901 1.22480231057093 1.37598813450742 1.43253854254236 1.36653488821247 1.38460035554867 1.03968216910488 1.42307379890047 1.4623837831295 1.38354629836018 1.40013680591913 1.52319007788305 1.38300895501819 1.47350490479505 1.43577069632046 1.49771379336392 1.45992773967969 1.51050580638232 1.37339585487583 1.43486808118685 1.50696202527279 1.27701811837763 1.41165274443708 1.39615717805438 1.48754213565923 1.3953873592245 1.42385877035662 1.32295672731728 1.4350859646679 1.42269905773011 1.5259433162247 1.31646523250766 1.32653199591877 1.44836263374699 1.10936142769891 1.36459721235515 1.39114765918938 1.47192621832258 1.40491030651544 1.35490485959987 1.31625713647651 1.51519803913022 1.40921038147196 1.387113873993 1.49239657600399 1.3586860576278 1.31272490881302
1.65741809921748 1.62551904576332 1.69305389310849 1.65108043271211 1.53501919991267 1.60049966192177 1.55576811202 1.7026584242232 1.63679528963991 1.56088277792707 1.67312536025855 1.39984223954132 1.42019377616231 1.48383603908995 1.36999701212107 1.56718694233818 1.6070729941138 1.51963346614627 1.55896766350814 1.1598853115566 1.65724264405975 1.7443497966622 1.61313498035414 1.62744065879183 1.78244445833693 1.62142199132597 1.7368048789317 1.69498013607636 1.78198378520836 1.71840299384207 1.80011724312482 1.59261404004186 1.68398098723126 1.81916253880899 1.45727992194487 1.60255183365445 1.61472909780041 1.72255625205506 1.68198085774243 1.65260931365809 1.50753178345524 1.6259856340526 1.68947906447716 1.80261461350932 1.48195814474331 1.54748452981698 1.64803264712228 1.26231589555006 1.52176763230007 1.57836173331713 1.74976548372003 1.57611424068439 1.52189549129761 1.4803435278989 1.78343090767701 1.64138558209653 1.58775414522885 1.73766938349365 1.55589819069569 1.49393665069491
